{"schema":6,"addons":[{"id":"uBlock0@raymondhill.net","icons":{"32":"https://addons.cdn.mozilla.net/user-media/addon_icons/607/607454-32.png?modified=mcrushed","64":"https://addons.cdn.mozilla.net/user-media/addon_icons/607/607454-64.png?modified=mcrushed","128":"https://addons.cdn.mozilla.net/user-media/addon_icons/607/607454-128.png?modified=mcrushed"},"name":"uBlock Origin","version":"1.33.2","sourceURI":"https://addons.mozilla.org/firefox/downloads/file/3719054/ublock_origin-1.33.2-an+fx.xpi","homepageURL":"https://github.com/gorhill/uBlock#ublock-origin","supportURL":"https://old.reddit.com/r/uBlockOrigin/","description":"Finally, an efficient wide-spectrum content blocker. Easy on CPU and memory.","fullDescription":"uBlock Origin is not an \"ad blocker\", it's a wide-spectrum content blocker with CPU and memory efficiency as a primary feature.\n\n***\n\nOut of the box, these lists of filters are loaded and enforced:\n\n- EasyList (ads)\n- Peter Lowe’s Ad server list (ads and tracking)\n- EasyPrivacy (tracking)\n- Malware domains\n\nMore lists are available for you to select if you wish:\n\n- Fanboy’s Enhanced Tracking List\n- Dan Pollock’s hosts file\n- MVPS HOSTS\n- Spam404\n- And many others\n\nAdditionally, you can point-and-click to block JavaScript locally or globally, create your own global or local rules to override entries from filter lists, and many more advanced features.\n\n***\n\nFree.\nOpen source with public license (GPLv3)\nFor users by users.\n\nIf ever you really do want to contribute something, think about the people working hard to maintain the filter lists you are using, which were made available to use by all for free.\n\n***\n\n    Documentation\n    Release notes\n    Community support @ Reddit\n    Contributors @ GitHub\n    Contributors @ Crowdin","weeklyDownloads":122891,"type":"extension","creator":{"name":"Raymond Hill","url":"https://addons.mozilla.org/en-US/firefox/user/11423598/"},"developers":[],"screenshots":[{"url":"https://addons.cdn.mozilla.net/user-media/previews/full/238/238546.png?modified=1590420038","width":1011,"height":758,"thumbnailURL":"https://addons.cdn.mozilla.net/user-media/previews/thumbs/238/238546.png?modified=1590420038","thumbnailWidth":640,"thumbnailHeight":480,"caption":"The popup panel: default mode"},{"url":"https://addons.cdn.mozilla.net/user-media/previews/full/238/238548.png?modified=1590420038","width":1011,"height":758,"thumbnailURL":"https://addons.cdn.mozilla.net/user-media/previews/thumbs/238/238548.png?modified=1590420038","thumbnailWidth":640,"thumbnailHeight":480,"caption":"The dashboard: stock filter lists"},{"url":"https://addons.cdn.mozilla.net/user-media/previews/full/238/238547.png?modified=1590420038","width":1011,"height":758,"thumbnailURL":"https://addons.cdn.mozilla.net/user-media/previews/thumbs/238/238547.png?modified=1590420038","thumbnailWidth":640,"thumbnailHeight":480,"caption":"The popup panel: default-deny mode"},{"url":"https://addons.cdn.mozilla.net/user-media/previews/full/238/238549.png?modified=1590420038","width":1011,"height":758,"thumbnailURL":"https://addons.cdn.mozilla.net/user-media/previews/thumbs/238/238549.png?modified=1590420038","thumbnailWidth":640,"thumbnailHeight":480,"caption":"The dashboard: settings"},{"url":"https://addons.cdn.mozilla.net/user-media/previews/full/238/238552.png?modified=1590420044","width":970,"height":1800,"thumbnailURL":"https://addons.cdn.mozilla.net/user-media/previews/thumbs/238/238552.png?modified=1590420044","thumbnailWidth":259,"thumbnailHeight":480,"caption":"The popup panel in Firefox Preview: default mode with more blocking options revealed"},{"url":"https://addons.cdn.mozilla.net/user-media/previews/full/230/230370.png?modified=1590420038","width":800,"height":600,"thumbnailURL":"https://addons.cdn.mozilla.net/user-media/previews/thumbs/230/230370.png?modified=1590420038","thumbnailWidth":640,"thumbnailHeight":480,"caption":"The unified logger tells you all that uBO is seeing and doing"}],"contributionURL":"","averageRating":4.7656,"reviewCount":3132,"reviewURL":"https://addons.mozilla.org/en-US/firefox/addon/ublock-origin/reviews/","updateDate":1614428713000},{"id":"https-everywhere@eff.org","icons":{"32":"https://addons.cdn.mozilla.net/user-media/addon_icons/229/229918-32.png?modified=mcrushed","64":"https://addons.cdn.mozilla.net/user-media/addon_icons/229/229918-64.png?modified=mcrushed","128":"https://addons.cdn.mozilla.net/user-media/addon_icons/229/229918-128.png?modified=mcrushed"},"name":"HTTPS Everywhere","version":"2021.1.27","sourceURI":"https://addons.mozilla.org/firefox/downloads/file/3716461/https_everywhere-2021.1.27-an+fx.xpi","homepageURL":"https://www.eff.org/https-everywhere","supportURL":"https://www.eff.org/https-everywhere","description":"Encrypt the web! HTTPS Everywhere is a Firefox extension to protect your communications by enabling HTTPS encryption automatically on sites that are known to support it, even when you type URLs or follow links that omit the https: prefix.","fullDescription":"Many sites on the web offer some limited support for encryption over HTTPS, but make it difficult to use. For instance, they may default to unencrypted HTTP, or fill encrypted pages with links that go back to the unencrypted site.\n\nThe HTTPS Everywhere extension fixes these problems by rewriting all requests to these sites to HTTPS.","weeklyDownloads":17426,"type":"extension","creator":{"name":"EFF Technologists","url":"https://addons.mozilla.org/en-US/firefox/user/5474073/"},"developers":[],"screenshots":[{"url":"https://addons.cdn.mozilla.net/user-media/previews/full/214/214771.png?modified=1549592598","width":1280,"height":800,"thumbnailURL":"https://addons.cdn.mozilla.net/user-media/previews/thumbs/214/214771.png?modified=1549592598","thumbnailWidth":640,"thumbnailHeight":400}],"contributionURL":"https://www.paypal.me/SupportEFF?utm_content=product-page-contribute&utm_medium=referral&utm_source=addons.mozilla.org","averageRating":4.668,"reviewCount":403,"reviewURL":"https://addons.mozilla.org/en-US/firefox/addon/https-everywhere/reviews/","updateDate":1611833084000},{"id":"exif_viewer@mozilla.doslash.org","icons":{"32":"https://addons.cdn.mozilla.net/user-media/addon_icons/3/3905-32.png?modified=06451804","64":"https://addons.cdn.mozilla.net/user-media/addon_icons/3/3905-64.png?modified=06451804","128":"https://addons.cdn.mozilla.net/user-media/addon_icons/3/3905-128.png?modified=06451804"},"name":"Exif Viewer","version":"3.7.5","sourceURI":"https://addons.mozilla.org/firefox/downloads/file/993242/exif_viewer-3.7.5-an+fx.xpi","homepageURL":"http://araskin.webs.com/exif/exif.html","supportURL":"http://araskin.webs.com/exif/exif.html","description":"Displays the Exif and IPTC data in local and remote JPEG images.","fullDescription":"Extracts and displays the Exif (Exchangeable Image File), IPTC-NAA/IIM (International Press Telecommunications Council / Newspaper Association of America / Information Interchange Model), and IPTC Core (Adobe XMP, Extensible Metadata Platform) metadata, as stored by digital still cameras, in both local and remote JPEG images.","weeklyDownloads":273,"type":"extension","creator":{"name":"Alan Raskin","url":"https://addons.mozilla.org/en-US/firefox/user/72273/"},"developers":[],"screenshots":[{"url":"https://addons.cdn.mozilla.net/user-media/previews/full/192/192605.png?modified=1543518795","width":506,"height":525,"thumbnailURL":"https://addons.cdn.mozilla.net/user-media/previews/thumbs/192/192605.png?modified=1543518795","thumbnailWidth":463,"thumbnailHeight":480,"caption":"Typical EXIF display (partial) in tabular format"},{"url":"https://addons.cdn.mozilla.net/user-media/previews/full/193/193491.png?modified=1543518796","width":492,"height":525,"thumbnailURL":"https://addons.cdn.mozilla.net/user-media/previews/thumbs/193/193491.png?modified=1543518796","thumbnailWidth":450,"thumbnailHeight":480,"caption":"Typical RGB and HSL histograms"}],"contributionURL":"","averageRating":3.9219,"reviewCount":108,"reviewURL":"https://addons.mozilla.org/en-US/firefox/addon/exif-viewer/reviews/","updateDate":1529524506000}]}