{"doh-rollout@mozilla.org":{"permissions":["internal:privateBrowsingAllowed"],"origins":[]},"formautofill@mozilla.org":{"permissions":["internal:privateBrowsingAllowed"],"origins":[]},"screenshots@mozilla.org":{"permissions":["internal:privateBrowsingAllowed"],"origins":[]},"webcompat@mozilla.org":{"permissions":["internal:privateBrowsingAllowed"],"origins":[]},"default-theme@mozilla.org":{"permissions":["internal:privateBrowsingAllowed"],"origins":[]},"google@search.mozilla.org":{"permissions":["internal:privateBrowsingAllowed"],"origins":[]},"amazondotcom@search.mozilla.org":{"permissions":["internal:privateBrowsingAllowed"],"origins":[]},"bing@search.mozilla.org":{"permissions":["internal:privateBrowsingAllowed"],"origins":[]},"ddg@search.mozilla.org":{"permissions":["internal:privateBrowsingAllowed"],"origins":[]},"ebay@search.mozilla.org":{"permissions":["internal:privateBrowsingAllowed"],"origins":[]},"twitter@search.mozilla.org":{"permissions":["internal:privateBrowsingAllowed"],"origins":[]},"wikipedia@search.mozilla.org":{"permissions":["internal:privateBrowsingAllowed"],"origins":[]},"uBlock0@raymondhill.net":{"permissions":["internal:privateBrowsingAllowed"],"origins":[]},"https-everywhere@eff.org":{"permissions":["internal:privateBrowsingAllowed"],"origins":[]},"exif_viewer@mozilla.doslash.org":{"permissions":["internal:privateBrowsingAllowed"],"origins":[]}}