{"schemaVersion":32,"addons":[{"id":"doh-rollout@mozilla.org","syncGUID":"{77e74947-913a-40b6-a8de-142b8a822771}","version":"1.3.0","type":"extension","loader":null,"updateURL":null,"optionsURL":null,"optionsType":null,"optionsBrowserStyle":true,"aboutURL":null,"defaultLocale":{"name":"DoH Roll-Out","description":"Mozilla add-on that supports the roll-out of DoH","creator":null,"developers":null,"translators":null,"contributors":null},"visible":true,"active":true,"userDisabled":false,"appDisabled":false,"embedderDisabled":false,"installDate":1586257875000,"updateDate":1586257875000,"applyBackgroundUpdates":1,"path":"/usr/lib64/firefox/browser/features/doh-rollout@mozilla.org.xpi","skinnable":false,"sourceURI":null,"releaseNotesURI":null,"softDisabled":false,"foreignInstall":false,"strictCompatibility":true,"locales":[{"name":"DoH Roll-Out","description":"Mozilla add-on that supports the roll-out of DoH","creator":null,"developers":null,"translators":null,"contributors":null,"locales":["en-US"]},{"name":"Déploiement de DoH","description":"Module complémentaire de Mozilla pour le déploiement de DoH","creator":null,"developers":null,"translators":null,"contributors":null,"locales":["fr"]},{"name":"Lancio DoH","description":"Componente aggiuntivo realizzato da Mozilla per il lancio di DoH","creator":null,"developers":null,"translators":null,"contributors":null,"locales":["it"]},{"name":"Lanzamiento de DoH","description":"Complemento de Mozilla para el lanzamiento de DoH","creator":null,"developers":null,"translators":null,"contributors":null,"locales":["es-MX"]},{"name":"DoH Roll-Out","description":"Mozilla-Add-On, das die Einführung von DoH unterstützt","creator":null,"developers":null,"translators":null,"contributors":null,"locales":["de"]},{"name":"DoH 降世","description":"附加组件：Mozilla 之 DoH 降世","creator":null,"developers":null,"translators":null,"contributors":null,"locales":["zh-CN"]},{"name":"Развертывание DoH","description":"Дополнение Mozilla, поддерживающее развертывание DoH","creator":null,"developers":null,"translators":null,"contributors":null,"locales":["ru"]},{"name":"Lanzamiento de DoH","description":"Complemento de Mozilla para el lanzamiento de DoH","creator":null,"developers":null,"translators":null,"contributors":null,"locales":["es-ES"]}],"targetApplications":[{"id":"toolkit@mozilla.org","minVersion":"72.0a1","maxVersion":null}],"targetPlatforms":[],"seen":true,"dependencies":[],"incognito":"spanning","userPermissions":{"permissions":["captivePortal","dns","storage"],"origins":[]},"optionalPermissions":{"permissions":[],"origins":[]},"icons":{},"iconURL":null,"blocklistState":0,"blocklistURL":null,"startupData":null,"hidden":true,"installTelemetryInfo":null,"recommendationState":null,"rootURI":"jar:file:///usr/lib64/firefox/browser/features/doh-rollout@mozilla.org.xpi!/","location":"app-system-defaults"},{"id":"formautofill@mozilla.org","syncGUID":"{fc7fd97b-c7ae-4531-a28f-850c1072d5a8}","version":"1.0","type":"extension","loader":null,"updateURL":null,"optionsURL":null,"optionsType":null,"optionsBrowserStyle":true,"aboutURL":null,"defaultLocale":{"name":"Form Autofill","creator":null,"developers":null,"translators":null,"contributors":null},"visible":true,"active":true,"userDisabled":false,"appDisabled":false,"embedderDisabled":false,"installDate":1586257875000,"updateDate":1586257875000,"applyBackgroundUpdates":1,"path":"/usr/lib64/firefox/browser/features/formautofill@mozilla.org.xpi","skinnable":false,"sourceURI":null,"releaseNotesURI":null,"softDisabled":false,"foreignInstall":false,"strictCompatibility":true,"locales":[],"targetApplications":[{"id":"toolkit@mozilla.org","minVersion":null,"maxVersion":null}],"targetPlatforms":[],"seen":true,"dependencies":[],"incognito":"spanning","userPermissions":{"permissions":[],"origins":[]},"optionalPermissions":{"permissions":[],"origins":[]},"icons":{},"iconURL":null,"blocklistState":0,"blocklistURL":null,"startupData":null,"hidden":true,"installTelemetryInfo":null,"recommendationState":null,"rootURI":"jar:file:///usr/lib64/firefox/browser/features/formautofill@mozilla.org.xpi!/","location":"app-system-defaults"},{"id":"screenshots@mozilla.org","syncGUID":"{084f231a-0591-4da5-a94b-d831971612b5}","version":"39.0.0","type":"extension","loader":null,"updateURL":null,"optionsURL":null,"optionsType":null,"optionsBrowserStyle":true,"aboutURL":null,"defaultLocale":{"name":"Firefox Screenshots","description":"Take clips and screenshots from the Web and save them temporarily or permanently.","creator":"Mozilla <screenshots-feedback@mozilla.com>","homepageURL":"https://github.com/mozilla-services/screenshots","developers":null,"translators":null,"contributors":null},"visible":true,"active":true,"userDisabled":false,"appDisabled":false,"embedderDisabled":false,"installDate":1586257875000,"updateDate":1586257875000,"applyBackgroundUpdates":1,"path":"/usr/lib64/firefox/browser/features/screenshots@mozilla.org.xpi","skinnable":false,"sourceURI":null,"releaseNotesURI":null,"softDisabled":false,"foreignInstall":false,"strictCompatibility":true,"locales":[],"targetApplications":[{"id":"toolkit@mozilla.org","minVersion":"57.0a1","maxVersion":null}],"targetPlatforms":[],"seen":true,"dependencies":[],"incognito":"spanning","userPermissions":{"permissions":["activeTab","downloads","tabs","storage","notifications","clipboardWrite","contextMenus"],"origins":["<all_urls>","https://screenshots.firefox.com/","https://screenshots.firefox.com/*"]},"optionalPermissions":{"permissions":[],"origins":[]},"icons":{"32":"icons/icon-v2.svg"},"iconURL":null,"blocklistState":0,"blocklistURL":null,"startupData":null,"hidden":true,"installTelemetryInfo":null,"recommendationState":null,"rootURI":"jar:file:///usr/lib64/firefox/browser/features/screenshots@mozilla.org.xpi!/","location":"app-system-defaults"},{"id":"webcompat-reporter@mozilla.org","syncGUID":"{bb2964f3-799f-4946-bf70-1f0f35530c32}","version":"1.1.0","type":"extension","loader":null,"updateURL":null,"optionsURL":null,"optionsType":null,"optionsBrowserStyle":true,"aboutURL":null,"defaultLocale":{"name":"WebCompat Reporter","description":"Report site compatibility issues on webcompat.com","creator":"Thomas Wisniewski <twisniewski@mozilla.com>","homepageURL":"https://github.com/mozilla/webcompat-reporter","developers":null,"translators":null,"contributors":null},"visible":true,"active":false,"userDisabled":true,"appDisabled":false,"embedderDisabled":false,"installDate":1586257875000,"updateDate":1586257875000,"applyBackgroundUpdates":1,"path":"/usr/lib64/firefox/browser/features/webcompat-reporter@mozilla.org.xpi","skinnable":false,"sourceURI":null,"releaseNotesURI":null,"softDisabled":false,"foreignInstall":false,"strictCompatibility":true,"locales":[],"targetApplications":[{"id":"toolkit@mozilla.org","minVersion":null,"maxVersion":null}],"targetPlatforms":[],"seen":true,"dependencies":[],"incognito":"spanning","userPermissions":{"permissions":["tabs"],"origins":["<all_urls>"]},"optionalPermissions":{"permissions":[],"origins":[]},"icons":{"16":"icons/lightbulb.svg","32":"icons/lightbulb.svg","48":"icons/lightbulb.svg","96":"icons/lightbulb.svg","128":"icons/lightbulb.svg"},"iconURL":null,"blocklistState":0,"blocklistURL":null,"startupData":null,"hidden":true,"installTelemetryInfo":null,"recommendationState":null,"rootURI":"jar:file:///usr/lib64/firefox/browser/features/webcompat-reporter@mozilla.org.xpi!/","location":"app-system-defaults"},{"id":"webcompat@mozilla.org","syncGUID":"{26d1b73a-b444-4466-aef8-4934b92fc5d5}","version":"9.0.0","type":"extension","loader":null,"updateURL":null,"optionsURL":null,"optionsType":null,"optionsBrowserStyle":true,"aboutURL":null,"defaultLocale":{"name":"Web Compat","description":"Urgent post-release fixes for web compatibility.","creator":null,"developers":null,"translators":null,"contributors":null},"visible":true,"active":true,"userDisabled":false,"appDisabled":false,"embedderDisabled":false,"installDate":1586257875000,"updateDate":1586257875000,"applyBackgroundUpdates":1,"path":"/usr/lib64/firefox/browser/features/webcompat@mozilla.org.xpi","skinnable":false,"sourceURI":null,"releaseNotesURI":null,"softDisabled":false,"foreignInstall":false,"strictCompatibility":true,"locales":[],"targetApplications":[{"id":"toolkit@mozilla.org","minVersion":"59.0b5","maxVersion":null}],"targetPlatforms":[],"seen":true,"dependencies":[],"incognito":"spanning","userPermissions":{"permissions":["webRequest","webRequestBlocking"],"origins":["<all_urls>"]},"optionalPermissions":{"permissions":[],"origins":[]},"icons":{},"iconURL":null,"blocklistState":0,"blocklistURL":null,"startupData":null,"hidden":true,"installTelemetryInfo":null,"recommendationState":null,"rootURI":"jar:file:///usr/lib64/firefox/browser/features/webcompat@mozilla.org.xpi!/","location":"app-system-defaults"},{"id":"default-theme@mozilla.org","syncGUID":"{b5486df6-0a9c-4bb2-b455-ab6c694b93f7}","version":"1.0","type":"theme","loader":null,"updateURL":null,"optionsURL":null,"optionsType":null,"optionsBrowserStyle":true,"aboutURL":null,"defaultLocale":{"name":"Default","description":"A theme with the operating system color scheme.","creator":"Mozilla","developers":null,"translators":null,"contributors":null},"visible":true,"active":true,"userDisabled":false,"appDisabled":false,"embedderDisabled":false,"installDate":1614564708343,"applyBackgroundUpdates":1,"path":null,"skinnable":false,"sourceURI":null,"releaseNotesURI":null,"softDisabled":false,"foreignInstall":false,"strictCompatibility":true,"locales":[],"targetApplications":[{"id":"toolkit@mozilla.org","minVersion":null,"maxVersion":null}],"targetPlatforms":[],"seen":true,"dependencies":[],"userPermissions":null,"optionalPermissions":{"permissions":[],"origins":[]},"icons":{"32":"icon.svg"},"iconURL":null,"blocklistState":0,"blocklistURL":null,"startupData":null,"hidden":false,"installTelemetryInfo":null,"recommendationState":null,"rootURI":"resource://gre/modules/themes/default/","location":"app-builtin"},{"id":"firefox-compact-light@mozilla.org","syncGUID":"{7fc4fe1e-ec10-48ab-bf71-52d3998acc89}","version":"1.0","type":"theme","loader":null,"updateURL":null,"optionsURL":null,"optionsType":null,"optionsBrowserStyle":true,"aboutURL":null,"defaultLocale":{"name":"Light","description":"A theme with a light color scheme.","creator":"Mozilla","developers":null,"translators":null,"contributors":null},"visible":true,"active":false,"userDisabled":true,"appDisabled":false,"embedderDisabled":false,"installDate":1614564708372,"applyBackgroundUpdates":1,"path":null,"skinnable":false,"sourceURI":null,"releaseNotesURI":null,"softDisabled":false,"foreignInstall":false,"strictCompatibility":true,"locales":[],"targetApplications":[{"id":"toolkit@mozilla.org","minVersion":null,"maxVersion":null}],"targetPlatforms":[],"seen":true,"dependencies":[],"userPermissions":null,"optionalPermissions":{"permissions":[],"origins":[]},"icons":{"32":"icon.svg"},"iconURL":null,"blocklistState":0,"blocklistURL":null,"startupData":null,"hidden":false,"installTelemetryInfo":null,"recommendationState":null,"rootURI":"resource:///modules/themes/light/","location":"app-builtin"},{"id":"firefox-compact-dark@mozilla.org","syncGUID":"{5c5d7f0e-7f63-40e1-bc0f-a7b2cf2b0a59}","version":"1.0","type":"theme","loader":null,"updateURL":null,"optionsURL":null,"optionsType":null,"optionsBrowserStyle":true,"aboutURL":null,"defaultLocale":{"name":"Dark","description":"A theme with a dark color scheme.","creator":"Mozilla","developers":null,"translators":null,"contributors":null},"visible":true,"active":false,"userDisabled":true,"appDisabled":false,"embedderDisabled":false,"installDate":1614564708374,"applyBackgroundUpdates":1,"path":null,"skinnable":false,"sourceURI":null,"releaseNotesURI":null,"softDisabled":false,"foreignInstall":false,"strictCompatibility":true,"locales":[],"targetApplications":[{"id":"toolkit@mozilla.org","minVersion":null,"maxVersion":null}],"targetPlatforms":[],"seen":true,"dependencies":[],"userPermissions":null,"optionalPermissions":{"permissions":[],"origins":[]},"icons":{"32":"icon.svg"},"iconURL":null,"blocklistState":0,"blocklistURL":null,"startupData":null,"hidden":false,"installTelemetryInfo":null,"recommendationState":null,"rootURI":"resource:///modules/themes/dark/","location":"app-builtin"},{"id":"google@search.mozilla.org","syncGUID":"{e44ed8ab-7d20-4955-af14-0127f74e6c23}","version":"1.0","type":"extension","loader":null,"updateURL":null,"optionsURL":null,"optionsType":null,"optionsBrowserStyle":true,"aboutURL":null,"defaultLocale":{"name":"Google","description":"Google Search","creator":null,"developers":null,"translators":null,"contributors":null},"visible":true,"active":true,"userDisabled":false,"appDisabled":false,"embedderDisabled":false,"installDate":1614564709367,"applyBackgroundUpdates":1,"path":null,"skinnable":false,"sourceURI":null,"releaseNotesURI":null,"softDisabled":false,"foreignInstall":false,"strictCompatibility":true,"locales":[{"name":"Google","description":"Google Search","creator":null,"developers":null,"translators":null,"contributors":null,"locales":["en"]},{"name":"Google","description":"Google Search","creator":null,"developers":null,"translators":null,"contributors":null,"locales":["b-1-d"]},{"name":"Google","description":"Google Search","creator":null,"developers":null,"translators":null,"contributors":null,"locales":["b-1-e"]},{"name":"Google","description":"Google Search","creator":null,"developers":null,"translators":null,"contributors":null,"locales":["b-d"]},{"name":"Google","description":"Google Search","creator":null,"developers":null,"translators":null,"contributors":null,"locales":["b-e"]}],"targetApplications":[{"id":"toolkit@mozilla.org","minVersion":null,"maxVersion":null}],"targetPlatforms":[],"seen":true,"dependencies":[],"incognito":"spanning","userPermissions":{"permissions":[],"origins":[]},"optionalPermissions":{"permissions":[],"origins":[]},"icons":{"16":"favicon.ico"},"iconURL":null,"blocklistState":0,"blocklistURL":null,"startupData":null,"hidden":true,"installTelemetryInfo":null,"recommendationState":null,"rootURI":"resource://search-extensions/google/","location":"app-builtin"},{"id":"amazondotcom@search.mozilla.org","syncGUID":"{24bc5689-7a40-4b98-9cde-af2b3841a18f}","version":"1.1","type":"extension","loader":null,"updateURL":null,"optionsURL":null,"optionsType":null,"optionsBrowserStyle":true,"aboutURL":null,"defaultLocale":{"name":"Amazon.com","description":"Amazon.com Search","creator":null,"developers":null,"translators":null,"contributors":null},"visible":true,"active":true,"userDisabled":false,"appDisabled":false,"embedderDisabled":false,"installDate":1614564709410,"applyBackgroundUpdates":1,"path":null,"skinnable":false,"sourceURI":null,"releaseNotesURI":null,"softDisabled":false,"foreignInstall":false,"strictCompatibility":true,"locales":[{"name":"Amazon.com","description":"Amazon.com Search","creator":null,"developers":null,"translators":null,"contributors":null,"locales":["en"]}],"targetApplications":[{"id":"toolkit@mozilla.org","minVersion":null,"maxVersion":null}],"targetPlatforms":[],"seen":true,"dependencies":[],"incognito":"spanning","userPermissions":{"permissions":[],"origins":[]},"optionalPermissions":{"permissions":[],"origins":[]},"icons":{"16":"favicon.ico"},"iconURL":null,"blocklistState":0,"blocklistURL":null,"startupData":null,"hidden":true,"installTelemetryInfo":null,"recommendationState":null,"rootURI":"resource://search-extensions/amazondotcom/","location":"app-builtin"},{"id":"bing@search.mozilla.org","syncGUID":"{5a0401f1-6ff2-498f-b83c-2bfce02be0a8}","version":"1.1","type":"extension","loader":null,"updateURL":null,"optionsURL":null,"optionsType":null,"optionsBrowserStyle":true,"aboutURL":null,"defaultLocale":{"name":"Bing","description":"Bing. Search by Microsoft.","creator":null,"developers":null,"translators":null,"contributors":null},"visible":true,"active":true,"userDisabled":false,"appDisabled":false,"embedderDisabled":false,"installDate":1614564709425,"applyBackgroundUpdates":1,"path":null,"skinnable":false,"sourceURI":null,"releaseNotesURI":null,"softDisabled":false,"foreignInstall":false,"strictCompatibility":true,"locales":[],"targetApplications":[{"id":"toolkit@mozilla.org","minVersion":null,"maxVersion":null}],"targetPlatforms":[],"seen":true,"dependencies":[],"incognito":"spanning","userPermissions":{"permissions":[],"origins":[]},"optionalPermissions":{"permissions":[],"origins":[]},"icons":{"16":"favicon.ico"},"iconURL":null,"blocklistState":0,"blocklistURL":null,"startupData":null,"hidden":true,"installTelemetryInfo":null,"recommendationState":null,"rootURI":"resource://search-extensions/bing/","location":"app-builtin"},{"id":"ddg@search.mozilla.org","syncGUID":"{f3c2443c-a47f-419f-ae50-0392b142c418}","version":"1.0","type":"extension","loader":null,"updateURL":null,"optionsURL":null,"optionsType":null,"optionsBrowserStyle":true,"aboutURL":null,"defaultLocale":{"name":"DuckDuckGo","description":"Search DuckDuckGo","creator":null,"developers":null,"translators":null,"contributors":null},"visible":true,"active":true,"userDisabled":false,"appDisabled":false,"embedderDisabled":false,"installDate":1614564709435,"applyBackgroundUpdates":1,"path":null,"skinnable":false,"sourceURI":null,"releaseNotesURI":null,"softDisabled":false,"foreignInstall":false,"strictCompatibility":true,"locales":[],"targetApplications":[{"id":"toolkit@mozilla.org","minVersion":null,"maxVersion":null}],"targetPlatforms":[],"seen":true,"dependencies":[],"incognito":"spanning","userPermissions":{"permissions":[],"origins":[]},"optionalPermissions":{"permissions":[],"origins":[]},"icons":{"16":"favicon.ico"},"iconURL":null,"blocklistState":0,"blocklistURL":null,"startupData":null,"hidden":true,"installTelemetryInfo":null,"recommendationState":null,"rootURI":"resource://search-extensions/ddg/","location":"app-builtin"},{"id":"ebay@search.mozilla.org","syncGUID":"{1a57f42b-2b6e-4bfa-ace4-50cc5d4bc688}","version":"1.0","type":"extension","loader":null,"updateURL":null,"optionsURL":null,"optionsType":null,"optionsBrowserStyle":true,"aboutURL":null,"defaultLocale":{"name":"eBay","description":"eBay - Online auctions","creator":null,"developers":null,"translators":null,"contributors":null},"visible":true,"active":true,"userDisabled":false,"appDisabled":false,"embedderDisabled":false,"installDate":1614564709463,"applyBackgroundUpdates":1,"path":null,"skinnable":false,"sourceURI":null,"releaseNotesURI":null,"softDisabled":false,"foreignInstall":false,"strictCompatibility":true,"locales":[{"name":"eBay","description":"eBay - Online auctions","creator":null,"developers":null,"translators":null,"contributors":null,"locales":["en"]},{"name":"eBay","description":"eBay - Online auctions","creator":null,"developers":null,"translators":null,"contributors":null,"locales":["ie"]},{"name":"eBay","description":"eBay - Online auctions","creator":null,"developers":null,"translators":null,"contributors":null,"locales":["uk"]},{"name":"eBay","description":"eBay - Online auctions","creator":null,"developers":null,"translators":null,"contributors":null,"locales":["it"]},{"name":"eBay","description":"eBay - Online auctions","creator":null,"developers":null,"translators":null,"contributors":null,"locales":["de"]},{"name":"eBay","description":"eBay - Online auctions","creator":null,"developers":null,"translators":null,"contributors":null,"locales":["ca"]},{"name":"eBay","description":"eBay - Online auctions","creator":null,"developers":null,"translators":null,"contributors":null,"locales":["ch"]},{"name":"eBay","description":"eBay - Online auctions","creator":null,"developers":null,"translators":null,"contributors":null,"locales":["at"]},{"name":"eBay","description":"eBay - Online auctions","creator":null,"developers":null,"translators":null,"contributors":null,"locales":["au"]},{"name":"eBay","description":"eBay - Online auctions","creator":null,"developers":null,"translators":null,"contributors":null,"locales":["be"]},{"name":"eBay","description":"eBay - Online auctions","creator":null,"developers":null,"translators":null,"contributors":null,"locales":["es"]},{"name":"eBay","description":"eBay - Online auctions","creator":null,"developers":null,"translators":null,"contributors":null,"locales":["nl"]},{"name":"eBay","description":"eBay - Online auctions","creator":null,"developers":null,"translators":null,"contributors":null,"locales":["fr"]}],"targetApplications":[{"id":"toolkit@mozilla.org","minVersion":null,"maxVersion":null}],"targetPlatforms":[],"seen":true,"dependencies":[],"incognito":"spanning","userPermissions":{"permissions":[],"origins":[]},"optionalPermissions":{"permissions":[],"origins":[]},"icons":{"16":"favicon.ico"},"iconURL":null,"blocklistState":0,"blocklistURL":null,"startupData":null,"hidden":true,"installTelemetryInfo":null,"recommendationState":null,"rootURI":"resource://search-extensions/ebay/","location":"app-builtin"},{"id":"twitter@search.mozilla.org","syncGUID":"{c3df8a73-4707-4ee6-8549-8ebcdbefc05f}","version":"1.0","type":"extension","loader":null,"updateURL":null,"optionsURL":null,"optionsType":null,"optionsBrowserStyle":true,"aboutURL":null,"defaultLocale":{"name":"Twitter","description":"Realtime Twitter Search","creator":null,"developers":null,"translators":null,"contributors":null},"visible":true,"active":true,"userDisabled":false,"appDisabled":false,"embedderDisabled":false,"installDate":1614564709484,"applyBackgroundUpdates":1,"path":null,"skinnable":false,"sourceURI":null,"releaseNotesURI":null,"softDisabled":false,"foreignInstall":false,"strictCompatibility":true,"locales":[{"name":"Twitter","description":"Realtime Twitter Search","creator":null,"developers":null,"translators":null,"contributors":null,"locales":["en"]},{"name":"Twitter","description":"リアルタイム Twitter 検索","creator":null,"developers":null,"translators":null,"contributors":null,"locales":["ja"]}],"targetApplications":[{"id":"toolkit@mozilla.org","minVersion":null,"maxVersion":null}],"targetPlatforms":[],"seen":true,"dependencies":[],"incognito":"spanning","userPermissions":{"permissions":[],"origins":[]},"optionalPermissions":{"permissions":[],"origins":[]},"icons":{"16":"favicon.ico"},"iconURL":null,"blocklistState":0,"blocklistURL":null,"startupData":null,"hidden":true,"installTelemetryInfo":null,"recommendationState":null,"rootURI":"resource://search-extensions/twitter/","location":"app-builtin"},{"id":"wikipedia@search.mozilla.org","syncGUID":"{6ca37bef-c705-4b3e-802b-557708bf1557}","version":"1.0","type":"extension","loader":null,"updateURL":null,"optionsURL":null,"optionsType":null,"optionsBrowserStyle":true,"aboutURL":null,"defaultLocale":{"name":"Wikipedia (en)","description":"Wikipedia, the Free Encyclopedia","creator":null,"developers":null,"translators":null,"contributors":null},"visible":true,"active":true,"userDisabled":false,"appDisabled":false,"embedderDisabled":false,"installDate":1614564709536,"applyBackgroundUpdates":1,"path":null,"skinnable":false,"sourceURI":null,"releaseNotesURI":null,"softDisabled":false,"foreignInstall":false,"strictCompatibility":true,"locales":[{"name":"Wikipedia (en)","description":"Wikipedia, the Free Encyclopedia","creator":null,"developers":null,"translators":null,"contributors":null,"locales":["en"]},{"name":"Wikipedija (hr)","description":"Wikipedija, slobodna enciklopedija","creator":null,"developers":null,"translators":null,"contributors":null,"locales":["hr"]},{"name":"Wikipedia (fi)","description":"Wikipedia (fi), vapaa tietosanakirja","creator":null,"developers":null,"translators":null,"contributors":null,"locales":["fi"]},{"name":"Wikipedia (hy)","description":"Վիքիփեդիա՝ ազատ հանրագիտարան","creator":null,"developers":null,"translators":null,"contributors":null,"locales":["hy"]},{"name":"Уикипедия (kk)","description":"Уикипедия (kk)","creator":null,"developers":null,"translators":null,"contributors":null,"locales":["kk"]},{"name":"Вікіпедыя (be)","description":"Вікіпедыя, свабодная энцыклапедыя","creator":null,"developers":null,"translators":null,"contributors":null,"locales":["be"]},{"name":"위키백과 (ko)","description":"Wikipedia, the free encyclopedia","creator":null,"developers":null,"translators":null,"contributors":null,"locales":["kr"]},{"name":"Wikipedia (ro)","description":"Wikipedia, enciclopedia liberă","creator":null,"developers":null,"translators":null,"contributors":null,"locales":["ro"]},{"name":"Wikipedia (bs)","description":"Slobodna enciklopedija","creator":null,"developers":null,"translators":null,"contributors":null,"locales":["bs"]},{"name":"Wikipedia (pt)","description":"Wikipédia, a enciclopédia livre","creator":null,"developers":null,"translators":null,"contributors":null,"locales":["pt"]},{"name":"Vikipetã (gn)","description":"Vikipetã, opaite tembikuaa hekosãsóva renda","creator":null,"developers":null,"translators":null,"contributors":null,"locales":["gn"]},{"name":"વિકિપીડિયા (gu)","description":"વીકીપીડિયા, મુક્ત એનસાયક્લોપીડિયા","creator":null,"developers":null,"translators":null,"contributors":null,"locales":["gu"]},{"name":"Wikipedia (el)","description":"Βικιπαίδεια, η ελεύθερη εγκυκλοπαίδεια","creator":null,"developers":null,"translators":null,"contributors":null,"locales":["el"]},{"name":"Wikipedia (es)","description":"Wikipedia, la enciclopedia libre","creator":null,"developers":null,"translators":null,"contributors":null,"locales":["es"]},{"name":"ויקיפדיה","description":"ויקיפדיה","creator":null,"developers":null,"translators":null,"contributors":null,"locales":["he"]},{"name":"Wikipedia (da)","description":"Wikipedia, den frie encyklopædi","creator":null,"developers":null,"translators":null,"contributors":null,"locales":["da"]},{"name":"Wikipedia (tr)","description":"Vikipedi, özgür ansiklopedi","creator":null,"developers":null,"translators":null,"contributors":null,"locales":["tr"]},{"name":"Wikipedija (hsb)","description":"Wikipedija, swobodna encyklopedija","creator":null,"developers":null,"translators":null,"contributors":null,"locales":["hsb"]},{"name":"Wikipedy (fy)","description":"De fergese ensyklopedy","creator":null,"developers":null,"translators":null,"contributors":null,"locales":["fy-NL"]},{"name":"विकिपीडिया (ne)","description":"विकिपिडिया एक स्वतन्त्र विश्वकोष","creator":null,"developers":null,"translators":null,"contributors":null,"locales":["ne"]},{"name":"Wikipedia (nl)","description":"De vrije encyclopedie","creator":null,"developers":null,"translators":null,"contributors":null,"locales":["nl"]},{"name":"Vikipeedia (et)","description":"Vikipeedia, vaba entsüklopeedia","creator":null,"developers":null,"translators":null,"contributors":null,"locales":["et"]},{"name":"Wikipedia (ja)","description":"Wikipedia - フリー百科事典","creator":null,"developers":null,"translators":null,"contributors":null,"locales":["ja"]},{"name":"Wikipèdia (oc)","description":"Wikipèdia, l'enciclopèdia liura","creator":null,"developers":null,"translators":null,"contributors":null,"locales":["oc"]},{"name":"Wicipedia (cy)","description":"Wicipedia, Y Gwyddioniadur Rhydd","creator":null,"developers":null,"translators":null,"contributors":null,"locales":["cy"]},{"name":"వికీపీడియా (te)","description":"వికీపీడియా (te)","creator":null,"developers":null,"translators":null,"contributors":null,"locales":["te"]},{"name":"Wikipédia (fr)","description":"Wikipédia, l'encyclopédie libre","creator":null,"developers":null,"translators":null,"contributors":null,"locales":["fr"]},{"name":"Wikipedia (tl)","description":"Wikipedia, ang malayang ensiklopedya","creator":null,"developers":null,"translators":null,"contributors":null,"locales":["tl"]},{"name":"维基百科","description":"维基百科，自由的百科全书","creator":null,"developers":null,"translators":null,"contributors":null,"locales":["zh-CN"]},{"name":"Wikipedia (lij)","description":"Wikipedia, l'enciclopedia libera","creator":null,"developers":null,"translators":null,"contributors":null,"locales":["lij"]},{"name":"វីគីភីឌា (km)","description":"វីគីភីឌា សព្វ​វចនា​ធិប្បាយ​សេរី","creator":null,"developers":null,"translators":null,"contributors":null,"locales":["km"]},{"name":"Уикипедия (bg)","description":"Уикипедия, свободната енциклоподия","creator":null,"developers":null,"translators":null,"contributors":null,"locales":["bg"]},{"name":"Wikipedia (id)","description":"Wikipedia, ensiklopedia bebas","creator":null,"developers":null,"translators":null,"contributors":null,"locales":["id"]},{"name":"Wikipedia (pa)","description":"ਵਿਕਿਪੀਡਿਆ, ਮੁਫ਼ਤ/ਮੁਕਤ ਸ਼ਬਦਕੋਸ਼","creator":null,"developers":null,"translators":null,"contributors":null,"locales":["pa"]},{"name":"উইকিপিডিয়া (bn)","description":"উইকিপিডিয়া, মুক্ত বিশ্বকোষ","creator":null,"developers":null,"translators":null,"contributors":null,"locales":["bn"]},{"name":"Wikipedia (eu)","description":"Wikipedia, entziklopedia askea","creator":null,"developers":null,"translators":null,"contributors":null,"locales":["eu"]},{"name":"Wikipedie (cs)","description":"Wikipedia, svobodná encyclopedie","creator":null,"developers":null,"translators":null,"contributors":null,"locales":["cz"]},{"name":"Wikipédia (hu)","description":"Wikipedia, a szabad enciklopédia","creator":null,"developers":null,"translators":null,"contributors":null,"locales":["hu"]},{"name":"Wikipedia (kn)","description":"Wikipedia, the free encyclopedia","creator":null,"developers":null,"translators":null,"contributors":null,"locales":["kn"]},{"name":"Wikipedia (is)","description":"Wikipedia, the free encyclopedia","creator":null,"developers":null,"translators":null,"contributors":null,"locales":["is"]},{"name":"Вікіпедія (uk)","description":"Вікіпедія, вільна енциклопедія","creator":null,"developers":null,"translators":null,"contributors":null,"locales":["uk"]},{"name":"Wikipedia (kab)","description":"Wikipedia, tasanayt tilellit","creator":null,"developers":null,"translators":null,"contributors":null,"locales":["kab"]},{"name":"Wikipedia (zh)","description":"維基百科，自由的百科全書","creator":null,"developers":null,"translators":null,"contributors":null,"locales":["zh-TW"]},{"name":"ویکیپیڈیا (ur)","description":"ویکیپیڈیا آزاد دائرۃ المعارف","creator":null,"developers":null,"translators":null,"contributors":null,"locales":["ur"]},{"name":"Vikipedio (eo)","description":"Vikipedio, la libera enciklopedio","creator":null,"developers":null,"translators":null,"contributors":null,"locales":["eo"]},{"name":"Wikipedia (si)","description":"Wikipedia, the free encyclopedia","creator":null,"developers":null,"translators":null,"contributors":null,"locales":["si"]},{"name":"ويكيبيديا (ar)","description":"ويكيبيديا (ar)","creator":null,"developers":null,"translators":null,"contributors":null,"locales":["ar"]},{"name":"Wikipedia (vi)","description":"Wikipedia, bách khoa toàn thư mở","creator":null,"developers":null,"translators":null,"contributors":null,"locales":["vi"]},{"name":"ვიკიპედია (ka)","description":"ვიკიპედია, თავისუფალი ენციკლოპედია","creator":null,"developers":null,"translators":null,"contributors":null,"locales":["ka"]},{"name":"Uicipeid (gd)","description":"Wikipedia, An leabhar mòr-eòlais","creator":null,"developers":null,"translators":null,"contributors":null,"locales":["gd"]},{"name":"Wikipedia (it)","description":"Wikipedia, l'enciclopedia libera","creator":null,"developers":null,"translators":null,"contributors":null,"locales":["it"]},{"name":"Vikipediya (uz)","description":"Vikipediya, ochiq ensiklopediya","creator":null,"developers":null,"translators":null,"contributors":null,"locales":["uz"]},{"name":"Wikipedia (lt)","description":"Vikipedija, laisvoji enciklopedija","creator":null,"developers":null,"translators":null,"contributors":null,"locales":["lt"]},{"name":"Wikipedia (sq)","description":"Wikipedia, enciklopedia e lirë","creator":null,"developers":null,"translators":null,"contributors":null,"locales":["sq"]},{"name":"Vicipéid (ga)","description":"Vicipéid, an Chiclipéid Shaor","creator":null,"developers":null,"translators":null,"contributors":null,"locales":["ga-IE"]},{"name":"विकिपीडिया (hi)","description":"विकिपीडिया (हिन्दी)","creator":null,"developers":null,"translators":null,"contributors":null,"locales":["hi"]},{"name":"Vikipedeja (ltg)","description":"Vikipēdija, breivuo eņciklopedeja","creator":null,"developers":null,"translators":null,"contributors":null,"locales":["ltg"]},{"name":"விக்கிப்பீடியா (ta)","description":"விக்கிப்பீடியா (ta)","creator":null,"developers":null,"translators":null,"contributors":null,"locales":["ta"]},{"name":"Vikipediya (az)","description":"Vikipediya, açıq ensiklopediya","creator":null,"developers":null,"translators":null,"contributors":null,"locales":["az"]},{"name":"Википедија (mk)","description":"Википедија, слободната енциклопедија","creator":null,"developers":null,"translators":null,"contributors":null,"locales":["mk"]},{"name":"วิกิพีเดีย","description":"วิกิพีเดีย สารานุกรมเสรี","creator":null,"developers":null,"translators":null,"contributors":null,"locales":["th"]},{"name":"Wikipedia (de)","description":"Wikipedia, die freie Enzyklopädie","creator":null,"developers":null,"translators":null,"contributors":null,"locales":["de"]},{"name":"Wikipedija (dsb)","description":"Wikipedija, lichotna encyklopedija","creator":null,"developers":null,"translators":null,"contributors":null,"locales":["dsb"]},{"name":"विकिपीडिया (mr)","description":"विकिपीडिया, मोफत माहितीकोष","creator":null,"developers":null,"translators":null,"contributors":null,"locales":["mr"]},{"name":"Wikipedia (my)","description":"အခမဲ့လွတ်လပ်စွယ်စုံကျမ်း","creator":null,"developers":null,"translators":null,"contributors":null,"locales":["my"]},{"name":"Wikipedia (ast)","description":"La enciclopedia llibre","creator":null,"developers":null,"translators":null,"contributors":null,"locales":["ast"]},{"name":"Wikipedia (rm)","description":"Vichipedia, l'enciclopedia libra","creator":null,"developers":null,"translators":null,"contributors":null,"locales":["rm"]},{"name":"Wikipedia (nn)","description":"Wikipedia, det frie oppslagsverket","creator":null,"developers":null,"translators":null,"contributors":null,"locales":["NN"]},{"name":"Wikipedia (wo)","description":"Wikipedia, Jimbulang bu Ubbeeku bi","creator":null,"developers":null,"translators":null,"contributors":null,"locales":["wo"]},{"name":"Wikipedia (gl)","description":"Wikipedia, a enciclopedia libre","creator":null,"developers":null,"translators":null,"contributors":null,"locales":["gl"]},{"name":"Viquipèdia (ca)","description":"L'enciclopèdia lliure","creator":null,"developers":null,"translators":null,"contributors":null,"locales":["ca"]},{"name":"Wikipédia (sk)","description":"Wikipédia, slobodná a otvorená encyklopédia","creator":null,"developers":null,"translators":null,"contributors":null,"locales":["sk"]},{"name":"Wikipedia (af)","description":"Wikipedia, die vrye ensiklopedie","creator":null,"developers":null,"translators":null,"contributors":null,"locales":["af"]},{"name":"Википедија (sr)","description":"Претрага Википедије на српском језику","creator":null,"developers":null,"translators":null,"contributors":null,"locales":["sr"]},{"name":"Wikipedia (ms)","description":"Wikipedia, ensiklopedia bebas","creator":null,"developers":null,"translators":null,"contributors":null,"locales":["ms"]},{"name":"Wikipedia (ia)","description":"Wikipedia, le encyclopedia libere","creator":null,"developers":null,"translators":null,"contributors":null,"locales":["ia"]},{"name":"ویکی‌پدیا (fa)","description":"ویکی‌پدیا، دانشنامهٔ آزاد","creator":null,"developers":null,"translators":null,"contributors":null,"locales":["fa"]},{"name":"Wikipedia (no)","description":"Wikipedia, den frie encyklopedi","creator":null,"developers":null,"translators":null,"contributors":null,"locales":["NO"]},{"name":"Википедия (ru)","description":"Википедия, свободная энциклопедия","creator":null,"developers":null,"translators":null,"contributors":null,"locales":["ru"]},{"name":"Wikipedia (br)","description":"Wikipedia, an holloueziadur digor","creator":null,"developers":null,"translators":null,"contributors":null,"locales":["br"]},{"name":"Wikipedia (pl)","description":"Wikipedia, wolna encyklopedia","creator":null,"developers":null,"translators":null,"contributors":null,"locales":["pl"]},{"name":"Вікіпэдыя (be-tarask)","description":"Вікіпэдыя, вольная энцыкляпэдыя","creator":null,"developers":null,"translators":null,"contributors":null,"locales":["be-tarask"]},{"name":"Wikipedia (sv)","description":"Wikipedia, den fria encyklopedin","creator":null,"developers":null,"translators":null,"contributors":null,"locales":["sv-SE"]},{"name":"ວິກິພີເດຍ (lo)","description":"ວິກິພີເດຍ, ສາລານຸກົມເສລີ","creator":null,"developers":null,"translators":null,"contributors":null,"locales":["lo"]},{"name":"Wikipedija (sl)","description":"Wikipedija, prosta enciklopedija","creator":null,"developers":null,"translators":null,"contributors":null,"locales":["sl"]},{"name":"Vikipēdija","description":"Vikipēdija, brīvā enciklopēdija","creator":null,"developers":null,"translators":null,"contributors":null,"locales":["lv"]},{"name":"Biquipedia (an)","description":"A enciclopedia Libre","creator":null,"developers":null,"translators":null,"contributors":null,"locales":["an"]}],"targetApplications":[{"id":"toolkit@mozilla.org","minVersion":null,"maxVersion":null}],"targetPlatforms":[],"seen":true,"dependencies":[],"incognito":"spanning","userPermissions":{"permissions":[],"origins":[]},"optionalPermissions":{"permissions":[],"origins":[]},"icons":{"16":"favicon.ico"},"iconURL":null,"blocklistState":0,"blocklistURL":null,"startupData":null,"hidden":true,"installTelemetryInfo":null,"recommendationState":null,"rootURI":"resource://search-extensions/wikipedia/","location":"app-builtin"},{"id":"uBlock0@raymondhill.net","syncGUID":"{cad6af43-78b4-41ca-879b-3100b17cdad3}","version":"1.33.2","type":"extension","loader":null,"updateURL":null,"optionsURL":"dashboard.html","optionsType":3,"optionsBrowserStyle":true,"aboutURL":null,"defaultLocale":{"name":"uBlock Origin","description":"Finally, an efficient blocker. Easy on CPU and memory.","creator":"Raymond Hill & contributors","developers":null,"translators":null,"contributors":null},"visible":true,"active":true,"userDisabled":false,"appDisabled":false,"embedderDisabled":false,"installDate":1614565443000,"updateDate":1614565443000,"applyBackgroundUpdates":1,"path":"/home/liveuser/.mozilla/firefox/xkg6dv0j.default-release/extensions/uBlock0@raymondhill.net.xpi","skinnable":false,"sourceURI":"https://addons.mozilla.org/firefox/downloads/file/3719054/ublock_origin-1.33.2-an+fx.xpi","releaseNotesURI":null,"softDisabled":false,"foreignInstall":false,"strictCompatibility":true,"locales":[{"name":"uBlock Origin","description":"Finally, an efficient blocker. Easy on CPU and memory.","creator":"Raymond Hill & contributors","developers":null,"translators":null,"contributors":null,"locales":["en"]},{"name":"uBlock Origin","description":"Lõpuks on valminud tõhus blokeerija. Protsessori- ja mälusõbralik.","creator":"Raymond Hill & contributors","developers":null,"translators":null,"contributors":null,"locales":["et"]},{"name":"uBlock Origin","description":"高効率ブロッカーが遂に登場。CPUとメモリーの負担を抑えます。","creator":"Raymond Hill & contributors","developers":null,"translators":null,"contributors":null,"locales":["ja"]},{"name":"uBlock Origin","description":"Finally, an efficient blocker. Easy on CPU and memory.","creator":"Raymond Hill & contributors","developers":null,"translators":null,"contributors":null,"locales":["oc"]},{"name":"uBlock Origin","description":"Finalmente, um bloqueador eficiente. Leve na CPU e memória.","creator":"Raymond Hill & contributors","developers":null,"translators":null,"contributors":null,"locales":["pt-PT"]},{"name":"uBlock Origin","description":"మొత్తానికి RAM ఇంకా CPU పై తేలికయిన, ఒక సమర్థవంతమైన నిరోధిని.","creator":"Raymond Hill & contributors","developers":null,"translators":null,"contributors":null,"locales":["te"]},{"name":"uBlock Origin","description":"Un bloqueur de nuisances efficace, qui ménagera votre processeur et votre mémoire vive.","creator":"Raymond Hill & contributors","developers":null,"translators":null,"contributors":null,"locales":["fr"]},{"name":"uBlock Origin","description":"Най-накрая, ефективен блокер. Щадящ процесора и паметта.","creator":"Raymond Hill & contributors","developers":null,"translators":null,"contributors":null,"locales":["bg"]},{"name":"uBlock Origin","description":"Einlik, in effisjinte adblocker. Brûkt hast gjin prosessorkrêft of ûnthâld.","creator":"Raymond Hill & contributors","developers":null,"translators":null,"contributors":null,"locales":["fy"]},{"name":"uBlock Origin","description":"Akhirnya, pemblokir iklan yang efisien. Ringan penggunaan CPU dan memori.","creator":"Raymond Hill & contributors","developers":null,"translators":null,"contributors":null,"locales":["id"]},{"name":"uBlock Origin","description":"অবশেষে, একটি দক্ষ বিজ্ঞাপন রোধক। সিপিইউ এবং মেমরি সহায়ক।","creator":"Raymond Hill & contributors","developers":null,"translators":null,"contributors":null,"locales":["bn"]},{"name":"uBlock Origin","description":"Behingoz, blokeatzaile eraginkor bat. PUZ eta memorian arina.","creator":"Raymond Hill & contributors","developers":null,"translators":null,"contributors":null,"locales":["eu"]},{"name":"uBlock Origin","description":"Äntligen en effektiv blockerare. Snäll mot både processor och minne.","creator":"Raymond Hill & contributors","developers":null,"translators":null,"contributors":null,"locales":["sv"]},{"name":"uBlock Origin","description":"Konečně efektivní blokovač. Nezatěžuje CPU a paměť.","creator":"Raymond Hill & contributors","developers":null,"translators":null,"contributors":null,"locales":["cs"]},{"name":"uBlock Origin","description":"Végre egy hatékony reklám- és követésblokkoló böngészőkhöz, amely kíméletes a processzorral és a memóriával.","creator":"Raymond Hill & contributors","developers":null,"translators":null,"contributors":null,"locales":["hu"]},{"name":"uBlock Origin","description":"ಕೊನೆಗೂ, ಒಂದು ದಕ್ಷ ನಿರ್ಬಂಧಕ. ಮಿತವಾದ ಸಿಪಿಯೂ ಹಾಗು ಮೆಮೊರಿ ಬಳಕೆ.","creator":"Raymond Hill & contributors","developers":null,"translators":null,"contributors":null,"locales":["kn"]},{"name":"uBlock Origin","description":"Ефективний блокувальник реклами таки з’явився. Не навантажує процесор та пам'ять.","creator":"Raymond Hill & contributors","developers":null,"translators":null,"contributors":null,"locales":["uk"]},{"name":"uBlock Origin","description":"آخر کار، ایک مؤثر اشتہار کو روکنے والا، یہ کم cpu اور میموری لیتا ہے.","creator":"Raymond Hill & contributors","developers":null,"translators":null,"contributors":null,"locales":["ur"]},{"name":"uBlock Origin","description":"Finfine rendimenta reklamoblokilo. Afabla por ĉefprocesoro kaj memoro.","creator":"Raymond Hill & contributors","developers":null,"translators":null,"contributors":null,"locales":["eo"]},{"name":"uBlock Origin","description":"وأخيراً, مانع اعلانات كفوء. خفيف على المعالج و الذاكرة.","creator":"Raymond Hill & contributors","developers":null,"translators":null,"contributors":null,"locales":["ar"]},{"name":"uBlock Origin","description":"Cuối cùng, đã có một công cụ chặn quảng cáo hiệu quả, tiêu tốn ít CPU và bộ nhớ.","creator":"Raymond Hill & contributors","developers":null,"translators":null,"contributors":null,"locales":["vi"]},{"name":"uBlock Origin","description":"როგორც იქნა, მძლავრი და შედეგიანი რეკლამების შემზღუდავი. ზოგავს CPU-ს და მეხსიერებას.","creator":"Raymond Hill & contributors","developers":null,"translators":null,"contributors":null,"locales":["ka"]},{"name":"uBlock Origin","description":"이 부가 기능은 효율적인 차단기입니다. CPU와 메모리에 주는 부담이 적습니다.","creator":"Raymond Hill & contributors","developers":null,"translators":null,"contributors":null,"locales":["ko"]},{"name":"uBlock Origin","description":"Finalmente, un blocker efficiente. Leggero sulla CPU e sulla memoria.","creator":"Raymond Hill & contributors","developers":null,"translators":null,"contributors":null,"locales":["it"]},{"name":"uBlock Origin","description":"Endelig en effektiv blokkeringsutvidelse. Lavt CPU- og minnebruk.","creator":"Raymond Hill & contributors","developers":null,"translators":null,"contributors":null,"locales":["no"]},{"name":"uBlock Origin","description":"Më në fund, një bllokues efikas që nuk e rëndon procesorin dhe memorien.","creator":"Raymond Hill & contributors","developers":null,"translators":null,"contributors":null,"locales":["sq"]},{"name":"uBlock Origin","description":"Pagaliau, efektyvus blokatorius, neapkraunantis nei procesoriaus, nei darbinės atminties.","creator":"Raymond Hill & contributors","developers":null,"translators":null,"contributors":null,"locales":["lt"]},{"name":"uBlock Origin","description":"आख़िरकार, क्रोमियम-बेस्ड ब्राउज़रों के लिए एक कुशल अवरोधक। CPU और स्मृति पर आसान।","creator":"Raymond Hill & contributors","developers":null,"translators":null,"contributors":null,"locales":["hi"]},{"name":"uBlock Origin","description":"Axır ki, prosessor və yaddaş yükünü azaldan səmərəli bir əngəlləyici var.","creator":"Raymond Hill & contributors","developers":null,"translators":null,"contributors":null,"locales":["az"]},{"name":"uBlock Origin","description":"இறுதியாக, ஒரு திறமையான விளம்பரத் தடுப்பான். கணினியின் மையச் செயற்பகுதியின் மேலும் நினைவகத்தின் மேலும் இலகுவானது.","creator":"Raymond Hill & contributors","developers":null,"translators":null,"contributors":null,"locales":["ta"]},{"name":"uBlock Origin","description":"มาแล้ว! โปรแกรมบล็อกโฆษณาเบาเบา ไม่กิน ซีพียู หรือ แรม","creator":"Raymond Hill & contributors","developers":null,"translators":null,"contributors":null,"locales":["th"]},{"name":"uBlock Origin","description":"Finally, an efficient blocker. Easy on CPU and memory.","creator":"Raymond Hill & contributors","developers":null,"translators":null,"contributors":null,"locales":["en-GB"]},{"name":"uBlock Origin","description":"Endlich ein effizienter Blocker. Prozessor-freundlich und bescheiden beim Speicherbedarf.","creator":"Raymond Hill & contributors","developers":null,"translators":null,"contributors":null,"locales":["de"]},{"name":"uBlock Origin","description":"शेवटी, एक कार्यक्षम ब्लॉकर क्रोमियम आधारित ब्राउझरांसाठी. सीपीयू आणि मेमरी वर सोपे जातो.","creator":"Raymond Hill & contributors","developers":null,"translators":null,"contributors":null,"locales":["mr"]},{"name":"uBlock Origin","description":"Endelig en effektiv blokkeringsutvidelse. Lavt CPU- og minnebruk.","creator":"Raymond Hill & contributors","developers":null,"translators":null,"contributors":null,"locales":["nb"]},{"name":"uBlock Origin","description":"Ó fin, un bloqueador eficiente que non chupa toda a memoria e o procesador.","creator":"Raymond Hill & contributors","developers":null,"translators":null,"contributors":null,"locales":["gl"]},{"name":"uBlock Origin","description":"Finalment, un blocador eficient que utilitza pocs recursos de memòria i processador.","creator":"Raymond Hill & contributors","developers":null,"translators":null,"contributors":null,"locales":["ca"]},{"name":"uBlock Origin","description":"Konečne efektívny blokovač. Nezaťažuje CPU ani pamäť.","creator":"Raymond Hill & contributors","developers":null,"translators":null,"contributors":null,"locales":["sk"]},{"name":"uBlock Origin","description":"Коначно, ефикасан блокатор. Ниски процесорски и меморијски захтеви.","creator":"Raymond Hill & contributors","developers":null,"translators":null,"contributors":null,"locales":["sr"]},{"name":"uBlock Origin","description":"Тинех Интернет тишкерӳҫӗ валли хӑвӑрт та витӗмлӗ чаркӑч пур.","creator":"Raymond Hill & contributors","developers":null,"translators":null,"contributors":null,"locales":["cv"]},{"name":"uBlock Origin","description":"بالاخره، یک بلاکر کارآمد. کم حجم بر روی پردازنده و حافظه.","creator":"Raymond Hill & contributors","developers":null,"translators":null,"contributors":null,"locales":["fa"]},{"name":"uBlock Origin","description":"അവസാനം, ഒരു കാര്യക്ഷമമായ ബ്ലോക്കര്‍. ലഘുവായ CPU, memory ഉപയോഗം.","creator":"Raymond Hill & contributors","developers":null,"translators":null,"contributors":null,"locales":["ml"]},{"name":"uBlock Origin","description":"Akhirnya, penyekat yang cekap. Tidak membebankan CPU dan memori.","creator":"Raymond Hill & contributors","developers":null,"translators":null,"contributors":null,"locales":["ms"]},{"name":"uBlock Origin","description":"Наконец-то, быстрый и эффективный блокировщик для браузеров.","creator":"Raymond Hill & contributors","developers":null,"translators":null,"contributors":null,"locales":["ru"]},{"name":"uBlock Origin","description":"Nareszcie skuteczny bloker charakteryzujący się niskim użyciem procesora i pamięci.","creator":"Raymond Hill & contributors","developers":null,"translators":null,"contributors":null,"locales":["pl"]},{"name":"uBlock Origin","description":"一款高效的网络请求过滤工具，占用极低的内存和 CPU。","creator":"Raymond Hill & contributors","developers":null,"translators":null,"contributors":null,"locales":["zh-CN"]},{"name":"uBlock Origin","description":"Končno, učinkovita, procesorju in pomnilniku prijazna razširitev za blokiranje oglasov.","creator":"Raymond Hill & contributors","developers":null,"translators":null,"contributors":null,"locales":["sl"]},{"name":"uBlock Origin","description":"Beidzot, efektīvs bloķētājs. Nepārslogo procesoru un atmiņu.","creator":"Raymond Hill & contributors","developers":null,"translators":null,"contributors":null,"locales":["lv"]},{"name":"uBlock Origin","description":"Sa wakas! Isang magaling na blocker para sa Chromium-based browsers. Magaan sa CPU at memory.","creator":"Raymond Hill & contributors","developers":null,"translators":null,"contributors":null,"locales":["fil"]},{"name":"uBlock Origin","description":"Վերջապե՛ս, արդյունավետ արգելափակիչ։ Խնայում է մշակիչը և հիշողությունը։","creator":"Raymond Hill & contributors","developers":null,"translators":null,"contributors":null,"locales":["hy"]},{"name":"uBlock Origin","description":"Viimeinkin tehokas ja kevyt mainosten estäjä.","creator":"Raymond Hill & contributors","developers":null,"translators":null,"contributors":null,"locales":["fi"]},{"name":"uBlock Origin","description":"Жарнамаларды жақсы өшіретін Addon'дардың бірі. Компьютердің қуатың аз алады.","creator":"Raymond Hill & contributors","developers":null,"translators":null,"contributors":null,"locales":["kk"]},{"name":"uBlock Origin","description":"În sfârșit, un blocant eficient. Are un impact mic asupra procesorului și memoriei.","creator":"Raymond Hill & contributors","developers":null,"translators":null,"contributors":null,"locales":["ro"]},{"name":"uBlock Origin","description":"Konačno, efikasan blokator. Lak na CPU i memoriji.","creator":"Raymond Hill & contributors","developers":null,"translators":null,"contributors":null,"locales":["hr"]},{"name":"uBlock Origin","description":"Konačno, efikasan bloker. Štedljiv na procesoru i memoriji.","creator":"Raymond Hill & contributors","developers":null,"translators":null,"contributors":null,"locales":["bs"]},{"name":"uBlock Origin","description":"Επιτέλους, ένας αποτελεσματικός blocker. Ελαφρύς για τον επεξεργαστή και τη μνήμη.","creator":"Raymond Hill & contributors","developers":null,"translators":null,"contributors":null,"locales":["el"]},{"name":"uBlock Origin","description":"Por fin, un bloqueador eficiente con uso mínimo de procesador y memoria.","creator":"Raymond Hill & contributors","developers":null,"translators":null,"contributors":null,"locales":["es"]},{"name":"uBlock Origin","description":"Finalmente, um bloqueador eficiente. Com baixo uso de memória e CPU.","creator":"Raymond Hill & contributors","developers":null,"translators":null,"contributors":null,"locales":["pt-BR"]},{"name":"uBlock Origin","description":"Endelig en effektiv blocker. Lavt CPU- og hukommelsesforbrug.","creator":"Raymond Hill & contributors","developers":null,"translators":null,"contributors":null,"locales":["da"]},{"name":"uBlock Origin","description":"סוף סוף, חוסם יעיל. קל על המעבד והזיכרון.","creator":"Raymond Hill & contributors","developers":null,"translators":null,"contributors":null,"locales":["he"]},{"name":"uBlock Origin","description":"終於有套使用不多的 CPU 及記憶體資源的高效率阻擋器。","creator":"Raymond Hill & contributors","developers":null,"translators":null,"contributors":null,"locales":["zh-TW"]},{"name":"uBlock Origin","description":"Sonunda, etkili bir engelleyici. İşlemciyi ve belleği yormaz.","creator":"Raymond Hill & contributors","developers":null,"translators":null,"contributors":null,"locales":["tr"]},{"name":"uBlock Origin","description":"Eindelijk, een efficiënte adblocker. Gebruikt weinig processorkracht en geheugen.","creator":"Raymond Hill & contributors","developers":null,"translators":null,"contributors":null,"locales":["nl"]}],"targetApplications":[{"id":"toolkit@mozilla.org","minVersion":"57.0","maxVersion":null}],"targetPlatforms":[],"signedState":2,"seen":true,"dependencies":[],"incognito":"spanning","userPermissions":{"permissions":["dns","menus","privacy","storage","tabs","unlimitedStorage","webNavigation","webRequest","webRequestBlocking"],"origins":["<all_urls>","http://*/*","https://*/*","file://*/*","https://easylist.to/*","https://*.fanboy.co.nz/*","https://filterlists.com/*","https://forums.lanik.us/*","https://github.com/*","https://*.github.io/*"]},"optionalPermissions":{"permissions":[],"origins":[]},"icons":{"16":"img/ublock.svg","32":"img/ublock.svg","48":"img/ublock.svg","64":"img/ublock.svg","96":"img/ublock.svg"},"iconURL":null,"blocklistState":0,"blocklistURL":null,"startupData":null,"hidden":false,"installTelemetryInfo":{"source":"amo","sourceURL":"https://addons.mozilla.org/en-US/firefox/search/?q=ublock","method":"amWebAPI"},"recommendationState":{"validNotAfter":1770015305000,"validNotBefore":1612227305000,"states":["recommended","recommended-android"]},"rootURI":"jar:file:///home/liveuser/.mozilla/firefox/xkg6dv0j.default-release/extensions/uBlock0@raymondhill.net.xpi!/","location":"app-profile"},{"id":"https-everywhere@eff.org","syncGUID":"{c47f77f5-b1c2-4d25-a6a4-d612ba50fc31}","version":"2021.1.27","type":"extension","loader":null,"updateURL":null,"optionsURL":"pages/options/index.html","optionsType":3,"optionsBrowserStyle":true,"aboutURL":null,"defaultLocale":{"name":"HTTPS Everywhere","description":"Encrypt the Web! Automatically use HTTPS security on many sites.","creator":"extension-devs@eff.org","homepageURL":"https://www.eff.org/https-everywhere","developers":null,"translators":null,"contributors":null},"visible":true,"active":true,"userDisabled":false,"appDisabled":false,"embedderDisabled":false,"installDate":1614565459000,"updateDate":1614565459000,"applyBackgroundUpdates":1,"path":"/home/liveuser/.mozilla/firefox/xkg6dv0j.default-release/extensions/https-everywhere@eff.org.xpi","skinnable":false,"sourceURI":"https://addons.mozilla.org/firefox/downloads/file/3716461/https_everywhere-2021.1.27-an+fx.xpi","releaseNotesURI":null,"softDisabled":false,"foreignInstall":false,"strictCompatibility":true,"locales":[{"name":"HTTPS Everywhere","description":"Encrypt the Web! Automatically use HTTPS security on many sites.","creator":"extension-devs@eff.org","homepageURL":"https://www.eff.org/https-everywhere","developers":null,"translators":null,"contributors":null,"locales":["en"]},{"name":"HTTPS Everywhere","description":"ウェブを暗号化します！多くのウェブサイト上でHTTPSセキュリティを自動的にかけます。","creator":"extension-devs@eff.org","homepageURL":"https://www.eff.org/https-everywhere","developers":null,"translators":null,"contributors":null,"locales":["ja"]},{"name":"HTTPS Kõikjal","description":"Krüpteeri veeb! Kasuta HTTPS turvalaiendust automaatselt paljudel lehtedel.","creator":"extension-devs@eff.org","homepageURL":"https://www.eff.org/https-everywhere","developers":null,"translators":null,"contributors":null,"locales":["et"]},{"name":"HTTPS Everywhere","description":"Encrypt the Web! Automatically use HTTPS security on many sites.","creator":"extension-devs@eff.org","homepageURL":"https://www.eff.org/https-everywhere","developers":null,"translators":null,"contributors":null,"locales":["oc"]},{"name":"HTTPS Everywhere","description":"Amgriptiwch yr We! Defnyddiwch diogelwch HTTPS yn awtomatig ar nifer o wefanau.","creator":"extension-devs@eff.org","homepageURL":"https://www.eff.org/https-everywhere","developers":null,"translators":null,"contributors":null,"locales":["cy"]},{"name":"HTTPS Everywhere","description":"Encripte a Web! Utilize automaticamente a segurança HTTPS em vários sites.","creator":"extension-devs@eff.org","homepageURL":"https://www.eff.org/https-everywhere","developers":null,"translators":null,"contributors":null,"locales":["pt-PT"]},{"name":"HTTPS Everywhere","description":"Encrypt the Web! Automatically use HTTPS security on many sites.","creator":"extension-devs@eff.org","homepageURL":"https://www.eff.org/https-everywhere","developers":null,"translators":null,"contributors":null,"locales":["te"]},{"name":"HTTPS Everywhere","description":"Encripta la Web! Usar seguridá HTTPS automáticamente en munchos sitios","creator":"extension-devs@eff.org","homepageURL":"https://www.eff.org/https-everywhere","developers":null,"translators":null,"contributors":null,"locales":["ast"]},{"name":"HTTPS Everywhere","description":"Encrypt the Web! Automatically use HTTPS security on many sites.","creator":"extension-devs@eff.org","homepageURL":"https://www.eff.org/https-everywhere","developers":null,"translators":null,"contributors":null,"locales":["fy"]},{"name":"HTTPS Everywhere","description":"Enkripsi web-nya! Gunakan keamanan HTTPS secara otomatis di banyak situs.","creator":"extension-devs@eff.org","homepageURL":"https://www.eff.org/https-everywhere","developers":null,"translators":null,"contributors":null,"locales":["id"]},{"name":"HTTPS Навсякъде","description":"Шифрирайте мрежата! Използвайте автоматична HTTPS защита на много страници.","creator":"extension-devs@eff.org","homepageURL":"https://www.eff.org/https-everywhere","developers":null,"translators":null,"contributors":null,"locales":["bg"]},{"name":"HTTPS partout","description":"Chiffrez la Toile ! Utilisez automatiquement la sécurité HTTPS avec de nombreux sites.","creator":"extension-devs@eff.org","homepageURL":"https://www.eff.org/https-everywhere","developers":null,"translators":null,"contributors":null,"locales":["fr"]},{"name":"HTTPS ਐਵਰੀਵੇਅਰ","description":"ਵੈੱਬ ਨੂੰ ਇੰਕ੍ਰਿਪਟ ਕਰੋ! ਕਈ ਸਾਈਟਾਂ ਲਈ ਆਪਣੇ ਆਪ HTTPS ਸੁਰੱਖਿਆ ਵਰਤੋ।","creator":"extension-devs@eff.org","homepageURL":"https://www.eff.org/https-everywhere","developers":null,"translators":null,"contributors":null,"locales":["pa"]},{"name":"HTTPS Everywhere","description":"អ៊ិនគ្រីប​តំបន់​បណ្ដាញ! ប្រើ​សុវត្ថិភាព HTTPS នៅ​លើ​បណ្ដាញ​​ជា​ច្រើន។","creator":"extension-devs@eff.org","homepageURL":"https://www.eff.org/https-everywhere","developers":null,"translators":null,"contributors":null,"locales":["km"]},{"name":"সর্বত্র HTTPS","description":"ওয়েবকে এনক্রিপ্ট করুন! বহু সাইটে স্বয়ংক্রিয়ভাবে HTTPS নিরাপত্তা ব্যবহার করুন।","creator":"extension-devs@eff.org","homepageURL":"https://www.eff.org/https-everywhere","developers":null,"translators":null,"contributors":null,"locales":["bn"]},{"name":"HTTPS Everywhere","description":"Weba enkriptatu! Automatikoki erabili HTTPS segurtasuna leku askotan.","creator":"extension-devs@eff.org","homepageURL":"https://www.eff.org/https-everywhere","developers":null,"translators":null,"contributors":null,"locales":["eu"]},{"name":"HTTPS Everywhere","description":"Kryptera webben! Använd HTTPS automatiskt på många webbplatser.","creator":"extension-devs@eff.org","homepageURL":"https://www.eff.org/https-everywhere","developers":null,"translators":null,"contributors":null,"locales":["sv"]},{"name":"HTTPS Everywhere","description":"Šifrujte! Používejte automaticky zabezpečené HTTPS na mnoha stránkách.","creator":"extension-devs@eff.org","homepageURL":"https://www.eff.org/https-everywhere","developers":null,"translators":null,"contributors":null,"locales":["cs"]},{"name":"HTTPS Everywhere","description":"Encrypt the Web! Automatically use HTTPS security on many sites.","creator":"extension-devs@eff.org","homepageURL":"https://www.eff.org/https-everywhere","developers":null,"translators":null,"contributors":null,"locales":["templates"]},{"name":"HTTPS Everywhere","description":"Titkosítsa a Web-et! Automatikusan használja a HTTPS titkosítást a legtöbb oldalon.","creator":"extension-devs@eff.org","homepageURL":"https://www.eff.org/https-everywhere","developers":null,"translators":null,"contributors":null,"locales":["hu"]},{"name":"HTTPS Everywhere","description":"Encrypt the Web! Automatically use HTTPS security on many sites.","creator":"extension-devs@eff.org","homepageURL":"https://www.eff.org/https-everywhere","developers":null,"translators":null,"contributors":null,"locales":["or"]},{"name":"HTTPS Everywhere","description":"Encrypt the Web! Automatically use HTTPS security on many sites.","creator":"extension-devs@eff.org","homepageURL":"https://www.eff.org/https-everywhere","developers":null,"translators":null,"contributors":null,"locales":["kn"]},{"name":"HTTPS-allsstaðar","description":"Dulkóðaðu vefinn! Notaðu sjálfkrafa HTTPS-öryggi á mörgum vefsvæðum.","creator":"extension-devs@eff.org","homepageURL":"https://www.eff.org/https-everywhere","developers":null,"translators":null,"contributors":null,"locales":["is"]},{"name":"HTTPS Everywhere","description":"Зашифруйте мережу! Автоматично використовуйте безпеку HTTPS на багатьох сайтах.","creator":"extension-devs@eff.org","homepageURL":"https://www.eff.org/https-everywhere","developers":null,"translators":null,"contributors":null,"locales":["uk"]},{"name":"HTTPS Everywhere","description":"Sulitkan Sesawang! Guna HTTPS secara automatik di kebanyakan laman.","creator":"extension-devs@eff.org","homepageURL":"https://www.eff.org/https-everywhere","developers":null,"translators":null,"contributors":null,"locales":["ms-MY"]},{"name":"HTTPS-Ĉie","description":"Ĉifrigu la reton! Aŭtomate uzu HTTPS‐sekurecon ĉe multaj retejoj.","creator":"extension-devs@eff.org","homepageURL":"https://www.eff.org/https-everywhere","developers":null,"translators":null,"contributors":null,"locales":["eo"]},{"name":"ہائپر ٹیکسٹ ٹرانسفر پروٹوکول سکیور ہر جگہ ","description":"ویب کو خفیہ کریں! خودبخود ہائپر ٹیکسٹ ٹرانسفر پروٹوکول سکیور سکیورٹی زیادہ سائیٹس پر استعمال کریں۔","creator":"extension-devs@eff.org","homepageURL":"https://www.eff.org/https-everywhere","developers":null,"translators":null,"contributors":null,"locales":["ur"]},{"name":"HTTPS Everywhere","description":"Krypter veven! Bruk HTTPS-tryggleik automatisk på mange sider.","creator":"extension-devs@eff.org","homepageURL":"https://www.eff.org/https-everywhere","developers":null,"translators":null,"contributors":null,"locales":["nn"]},{"name":"HTTPS Everywhere","description":"Encrypt the Web! Automatically use HTTPS security on many sites.","creator":"extension-devs@eff.org","homepageURL":"https://www.eff.org/https-everywhere","developers":null,"translators":null,"contributors":null,"locales":["si"]},{"name":"HTTPS kila mahali","description":"Encrypt mtandao!  Moja kwa moja tumia HTTPS usalama kwenye tovuti nyingi.","creator":"extension-devs@eff.org","homepageURL":"https://www.eff.org/https-everywhere","developers":null,"translators":null,"contributors":null,"locales":["sw"]},{"name":"HTTPS Everywhere","description":"شفر شبكة الإنترنت! استخدم تلقائيا تقنية HTTPS للأمان مع الكثير من المواقع.","creator":"extension-devs@eff.org","homepageURL":"https://www.eff.org/https-everywhere","developers":null,"translators":null,"contributors":null,"locales":["ar"]},{"name":"HTTPS Everywhere","description":"Mã hóa Web! Tự động sử dụng bảo mật HTTPS ở nhiều trang web.","creator":"extension-devs@eff.org","homepageURL":"https://www.eff.org/https-everywhere","developers":null,"translators":null,"contributors":null,"locales":["vi"]},{"name":"HTTPS Everywhere","description":"დაშიფრეთ ინტერნეტკავშირი! გამოიყენეთ დაცული HTTPS საიტების უმეტეს ნაწილზე.","creator":"extension-devs@eff.org","homepageURL":"https://www.eff.org/https-everywhere","developers":null,"translators":null,"contributors":null,"locales":["ka"]},{"name":"HTTPS Everywhere","description":"웹을 암호화 하세요! 자동으로 여러 사이트에 HTTPS 보안을 사용합니다.","creator":"extension-devs@eff.org","homepageURL":"https://www.eff.org/https-everywhere","developers":null,"translators":null,"contributors":null,"locales":["ko"]},{"name":"HTTPS Everywhere","description":"Encrypt the Web! Automatically use HTTPS security on many sites.","creator":"extension-devs@eff.org","homepageURL":"https://www.eff.org/https-everywhere","developers":null,"translators":null,"contributors":null,"locales":["gd"]},{"name":"HTTPS Everywhere","description":"¡Encriptar la Web! Usar seguridad HTTPS automáticamente en la mayoría de los sitios.","creator":"extension-devs@eff.org","homepageURL":"https://www.eff.org/https-everywhere","developers":null,"translators":null,"contributors":null,"locales":["es-AR"]},{"name":"HTTPS Everywhere","description":"Cripta il Web! Usa HTTPS automaticamente su numerosi siti.","creator":"extension-devs@eff.org","homepageURL":"https://www.eff.org/https-everywhere","developers":null,"translators":null,"contributors":null,"locales":["it"]},{"name":"HTTPS Everywhere","description":"Encrypt the Web! Automatically use HTTPS security on many sites.","creator":"extension-devs@eff.org","homepageURL":"https://www.eff.org/https-everywhere","developers":null,"translators":null,"contributors":null,"locales":["uz"]},{"name":"HTTPS Everywhere","description":"Šifruokite saityną! Automatiškai naudokite HTTPS saugumą daugelyje svetainių.","creator":"extension-devs@eff.org","homepageURL":"https://www.eff.org/https-everywhere","developers":null,"translators":null,"contributors":null,"locales":["lt"]},{"name":"HTTPS Everywhere","description":"Encrypt the Web! Automatically use HTTPS security on many sites.","creator":"extension-devs@eff.org","homepageURL":"https://www.eff.org/https-everywhere","developers":null,"translators":null,"contributors":null,"locales":["son"]},{"name":"HTTPS Everywhere","description":"Fshehtëzoni Web-in! Përdorni automatikisht në mjaft sajte siguri HTTPS.","creator":"extension-devs@eff.org","homepageURL":"https://www.eff.org/https-everywhere","developers":null,"translators":null,"contributors":null,"locales":["sq"]},{"name":"HTTPS Everywhere","description":"Cifra la Red! Automáticamente utiliza seguridades HTTPS en multiples sitios.","creator":"extension-devs@eff.org","homepageURL":"https://www.eff.org/https-everywhere","developers":null,"translators":null,"contributors":null,"locales":["es-MX"]},{"name":"எல்லா இடங்களிலும் HTTPS","description":"வலை Encrypt! தானாகவே பல தளங்களில் HTTPS பாதுகாப்பு பயன்படுத்த.","creator":"extension-devs@eff.org","homepageURL":"https://www.eff.org/https-everywhere","developers":null,"translators":null,"contributors":null,"locales":["ta"]},{"name":"HTTPS Everywhere","description":"इन्टरनेट संचार को एनक्रिप्ट करें! सभी वेबसाइट्स पर स्वतः ही HTTPS का इस्तेमाल करें.","creator":"extension-devs@eff.org","homepageURL":"https://www.eff.org/https-everywhere","developers":null,"translators":null,"contributors":null,"locales":["hi"]},{"name":"HTTPS Everywhere","description":"බොහෝ වෙබ් අඩවි සඳහා HTTPS ආරක්ෂාව ස්වයංක්‍රීයව පාවිච්චි කරන්න.","creator":"extension-devs@eff.org","homepageURL":"https://www.eff.org/https-everywhere","developers":null,"translators":null,"contributors":null,"locales":["si-LK"]},{"name":"Hər yerdə HTTPS","description":"Veb-i şifrələ! Bir çox saytlarda HTTPS-i avtomatik istifadə et.","creator":"extension-devs@eff.org","homepageURL":"https://www.eff.org/https-everywhere","developers":null,"translators":null,"contributors":null,"locales":["az"]},{"name":"HTTPS Насекаде","description":"Екриптирај го Веб-от! Автоматски користи HTTPS сигурност на многу страни.","creator":"extension-devs@eff.org","homepageURL":"https://www.eff.org/https-everywhere","developers":null,"translators":null,"contributors":null,"locales":["mk"]},{"name":"HTTPS Everywhere","description":"Verschlüsselt das Internet! Nutzen Sie HTTPS-Sicherheit automatisch auf vielen Webseiten.","creator":"extension-devs@eff.org","homepageURL":"https://www.eff.org/https-everywhere","developers":null,"translators":null,"contributors":null,"locales":["de"]},{"name":"HTTPS Everywhere","description":"Encrypt the Web! Automatically use HTTPS security on many sites.","creator":"extension-devs@eff.org","homepageURL":"https://www.eff.org/https-everywhere","developers":null,"translators":null,"contributors":null,"locales":["my"]},{"name":"HTTPS Everywhere","description":"เข้ารหัสลับให้กับเว็บ ใช้มาตรการความปลอดภัย HTTPS กับเว็บไซต์โดยอัตโมมัติ","creator":"extension-devs@eff.org","homepageURL":"https://www.eff.org/https-everywhere","developers":null,"translators":null,"contributors":null,"locales":["th"]},{"name":"HTTPS सर्वत्र","description":"वेब कूटबद्ध करा ! आपोआप अनेक साइटवर HTTPS सुरक्षा वापरा.","creator":"extension-devs@eff.org","homepageURL":"https://www.eff.org/https-everywhere","developers":null,"translators":null,"contributors":null,"locales":["mr"]},{"name":"HTTPS Everywhere","description":"Encrypt the Web! Automatically use HTTPS security on many sites.","creator":"extension-devs@eff.org","homepageURL":"https://www.eff.org/https-everywhere","developers":null,"translators":null,"contributors":null,"locales":["en-GB"]},{"name":"HTTPS Everywhere","description":"Krypter nettet! Bruk HTTPS-sikkerhet automatisk på mange nettsteder.","creator":"extension-devs@eff.org","homepageURL":"https://www.eff.org/https-everywhere","developers":null,"translators":null,"contributors":null,"locales":["nb"]},{"name":"HTTPS Everywhere","description":"Cifrar a Web! Usar automáticamente seguridade HTTPS en moitos sitios.","creator":"extension-devs@eff.org","homepageURL":"https://www.eff.org/https-everywhere","developers":null,"translators":null,"contributors":null,"locales":["gl"]},{"name":"HTTPS Everywhere","description":"Xifra la Web! Fes servir automàticament la seguretat HTTPS a molts llocs.","creator":"extension-devs@eff.org","homepageURL":"https://www.eff.org/https-everywhere","developers":null,"translators":null,"contributors":null,"locales":["ca"]},{"name":"HTTPS Everywhere","description":"Zašifrujte web! Tento doplnok automatizuje použitie HTTPS na mnohých stránkach.","creator":"extension-devs@eff.org","homepageURL":"https://www.eff.org/https-everywhere","developers":null,"translators":null,"contributors":null,"locales":["sk"]},{"name":"HTTPS Svuda","description":"Šifriraj veb! Automatski koristi HTTPS bezbednosni protokol na velikom broju sajtova.","creator":"extension-devs@eff.org","homepageURL":"https://www.eff.org/https-everywhere","developers":null,"translators":null,"contributors":null,"locales":["sr"]},{"name":"HTTPS Everywhere","description":"Enkripteer die Web! Gebruik HTTPS sekuriteit automaties op baie plekke.","creator":"extension-devs@eff.org","homepageURL":"https://www.eff.org/https-everywhere","developers":null,"translators":null,"contributors":null,"locales":["af"]},{"name":"HTTPS در همه جا","description":"وب را رمزگذاری کنید! از امنیت HTTPS بصورت خودکار برای بسیاری از وب‌سایت‌ها استفاده کنید.","creator":"extension-devs@eff.org","homepageURL":"https://www.eff.org/https-everywhere","developers":null,"translators":null,"contributors":null,"locales":["fa"]},{"name":"എല്ലായിടത്തും എച്ച്ടിടിപിഎസ്","description":"വെബ് രഹസ്യ കോഡുകൾ ആക്കി മാറ്റുക ! തനിയെ നിരവധി സൈറ്റുകളിൽ എഛ് ടി ടി പി എസ് സുരക്ഷിതത്വം ഉപയോഗിക്കുക ","creator":"extension-devs@eff.org","homepageURL":"https://www.eff.org/https-everywhere","developers":null,"translators":null,"contributors":null,"locales":["ml"]},{"name":"HTTPS Everywhere","description":"Encrypt the Web! Automatically use HTTPS security on many sites.","creator":"extension-devs@eff.org","homepageURL":"https://www.eff.org/https-everywhere","developers":null,"translators":null,"contributors":null,"locales":["ia"]},{"name":"HTTPS Everywhere","description":"加密网络浏览，自动使用 HTTPS 连接访问站点，更加安全。","creator":"extension-devs@eff.org","homepageURL":"https://www.eff.org/https-everywhere","developers":null,"translators":null,"contributors":null,"locales":["zh-CN"]},{"name":"HTTPS Everywhere","description":"Encrypt the Web! Automatically use HTTPS security on many sites.","creator":"extension-devs@eff.org","homepageURL":"https://www.eff.org/https-everywhere","developers":null,"translators":null,"contributors":null,"locales":["br"]},{"name":"HTTPS Everywhere","description":"Szyfruj sieć! Automatycznie używaj zabezpieczeń HTTPS na wielu stronach.","creator":"extension-devs@eff.org","homepageURL":"https://www.eff.org/https-everywhere","developers":null,"translators":null,"contributors":null,"locales":["pl"]},{"name":"HTTPS Everywhere","description":"Зашифруйте сеть! Автоматически переключайтесь на безопасный протокол HTTPS там, где это возможно.","creator":"extension-devs@eff.org","homepageURL":"https://www.eff.org/https-everywhere","developers":null,"translators":null,"contributors":null,"locales":["ru"]},{"name":"HTTPS Everywhere","description":"Zakodirajte internet! Samodejno uporabite HTTPS zaščito na mnogih spletnih straneh.","creator":"extension-devs@eff.org","homepageURL":"https://www.eff.org/https-everywhere","developers":null,"translators":null,"contributors":null,"locales":["sl"]},{"name":"HTTPS Everywhere","description":"Šifrēt tīmekli! Automātiski lietot HTTPS drošību daudzās vietnēs.","creator":"extension-devs@eff.org","homepageURL":"https://www.eff.org/https-everywhere","developers":null,"translators":null,"contributors":null,"locales":["lv"]},{"name":"HTTPS Everywhere","description":"Šifriraj web! Automatski koristi HTTPS sigurnost na mnogim stranicama.","creator":"extension-devs@eff.org","homepageURL":"https://www.eff.org/https-everywhere","developers":null,"translators":null,"contributors":null,"locales":["hr"]},{"name":"HTTPS Kaikkialla","description":"Salaa verkko automaattisesti käyttäen HTTPS-suojausta monilla sivuilla!","creator":"extension-devs@eff.org","homepageURL":"https://www.eff.org/https-everywhere","developers":null,"translators":null,"contributors":null,"locales":["fi"]},{"name":"HTTPS Everywhere","description":"Encrypt the Web! Automatically use HTTPS security on many sites.","creator":"extension-devs@eff.org","homepageURL":"https://www.eff.org/https-everywhere","developers":null,"translators":null,"contributors":null,"locales":["ach"]},{"name":"HTTPS Everywhere","description":"Կոդավորե՛ք Վեբը։ Ավտոմատ օգտագործեք HTTPS անվտանգություն շատ կայքերի վրա։","creator":"extension-devs@eff.org","homepageURL":"https://www.eff.org/https-everywhere","developers":null,"translators":null,"contributors":null,"locales":["hy"]},{"name":"HTTPS Everywhere","description":"Versleutel het Web! Gebruik HTTPS Everywhere automatisch op vele websites.","creator":"extension-devs@eff.org","homepageURL":"https://www.eff.org/https-everywhere","developers":null,"translators":null,"contributors":null,"locales":["nl-BE"]},{"name":"Барлық жерде HTTPS","description":"Вебті шифрлау! Көптеген сайттарда HTTPS қауіпсіздігін автоматты түрде пайдаланыңыз.","creator":"extension-devs@eff.org","homepageURL":"https://www.eff.org/https-everywhere","developers":null,"translators":null,"contributors":null,"locales":["kk"]},{"name":"HTTPS Everywhere","description":"Зашыфруйце Iнтэрнэт! Аўтаматычнае выкарыстанне бяспекі HTTPS на розных сайтах","creator":"extension-devs@eff.org","homepageURL":"https://www.eff.org/https-everywhere","developers":null,"translators":null,"contributors":null,"locales":["be"]},{"name":"HTTPS Oriunde","description":"Criptează web-ul! Folosește automat securitatea HTTPS pe multe site-uri.","creator":"extension-devs@eff.org","homepageURL":"https://www.eff.org/https-everywhere","developers":null,"translators":null,"contributors":null,"locales":["ro"]},{"name":"HTTPS Everywhere","description":"Encrypt the Web! Automatically use HTTPS security on many sites.","creator":"extension-devs@eff.org","homepageURL":"https://www.eff.org/https-everywhere","developers":null,"translators":null,"contributors":null,"locales":["kab"]},{"name":"HTTPS Everywhere","description":"Encrypt the Web! Automatically use HTTPS security on many sites.","creator":"extension-devs@eff.org","homepageURL":"https://www.eff.org/https-everywhere","developers":null,"translators":null,"contributors":null,"locales":["bs"]},{"name":"HTTPS Everywhere","description":"¡Cifre la Web! Utilice automáticamente la seguridad HTTPS en muchos sitios.","creator":"extension-devs@eff.org","homepageURL":"https://www.eff.org/https-everywhere","developers":null,"translators":null,"contributors":null,"locales":["es"]},{"name":"HTTPS Everywhere","description":"Criptografar a Web! Use automaticamente a segurança HTTPS em diversos sites.","creator":"extension-devs@eff.org","homepageURL":"https://www.eff.org/https-everywhere","developers":null,"translators":null,"contributors":null,"locales":["pt-BR"]},{"name":"HTTPS Everywhere","description":"Κρυπτογραφήστε τον Παγκόσμιο Ιστό! Χρησιμοποιήστε αυτόματα ασφάλεια HTTPS σε πολλούς δικτυακούς τόπους.","creator":"extension-devs@eff.org","homepageURL":"https://www.eff.org/https-everywhere","developers":null,"translators":null,"contributors":null,"locales":["el"]},{"name":"HTTPS Everywhere","description":"加密整個網路！自動在網站上使用 HTTPS 安全連線。","creator":"extension-devs@eff.org","homepageURL":"https://www.eff.org/https-everywhere","developers":null,"translators":null,"contributors":null,"locales":["zh-TW"]},{"name":"HTTPS Everywhere","description":"વેબ ગોપનીય કરો! ઘણી સાઇટ પર આપમેળે HTTPS સુરક્ષાનો ઉપયોગ કરો.","creator":"extension-devs@eff.org","homepageURL":"https://www.eff.org/https-everywhere","developers":null,"translators":null,"contributors":null,"locales":["gu"]},{"name":"HTTPS Everywhere","description":"Kryptér webbet! Brug HTTPS-sikkerhed automatisk på mange websteder.","creator":"extension-devs@eff.org","homepageURL":"https://www.eff.org/https-everywhere","developers":null,"translators":null,"contributors":null,"locales":["da"]},{"name":"HTTPS Everywhere","description":"Web iletişiminizi şifreleyin! Birçok sitede otomatik olarak HTTPS güvenliğini kullanın.","creator":"extension-devs@eff.org","homepageURL":"https://www.eff.org/https-everywhere","developers":null,"translators":null,"contributors":null,"locales":["tr"]},{"name":"HTTPS Everywhere","description":"Criptigh an Gréasán! Bain úsáid as slándáil HTTPS go huathoibríoch ar go leor suíomh.","creator":"extension-devs@eff.org","homepageURL":"https://www.eff.org/https-everywhere","developers":null,"translators":null,"contributors":null,"locales":["ga"]},{"name":"HTTPS Everywhere","description":"הצפן את הרשת! השתמש באבטחת HTTPS באופן אוטומטי באתרים רבים.","creator":"extension-devs@eff.org","homepageURL":"https://www.eff.org/https-everywhere","developers":null,"translators":null,"contributors":null,"locales":["he"]},{"name":"HTTPS Everywhere","description":"Encrypt the Web! Automatically use HTTPS security on many sites.","creator":"extension-devs@eff.org","homepageURL":"https://www.eff.org/https-everywhere","developers":null,"translators":null,"contributors":null,"locales":["ne"]},{"name":"「https優先」","description":"將互聯網加密！自動喺網站使用https連線。","creator":"extension-devs@eff.org","homepageURL":"https://www.eff.org/https-everywhere","developers":null,"translators":null,"contributors":null,"locales":["zh-HK"]},{"name":"HTTPS Everywhere","description":"Versleutel het web! Gebruik automatisch HTTPS-beveiliging op veel websites.","creator":"extension-devs@eff.org","homepageURL":"https://www.eff.org/https-everywhere","developers":null,"translators":null,"contributors":null,"locales":["nl"]}],"targetApplications":[{"id":"toolkit@mozilla.org","minVersion":null,"maxVersion":null}],"targetPlatforms":[],"signedState":2,"seen":true,"dependencies":[],"incognito":"spanning","userPermissions":{"permissions":["webNavigation","webRequest","webRequestBlocking","tabs","cookies","storage"],"origins":["*://*/*","ftp://*/*"]},"optionalPermissions":{"permissions":[],"origins":[]},"icons":{"48":"images/icons/icon-active-48.png","128":"images/icons/icon-active-128.png"},"iconURL":null,"blocklistState":0,"blocklistURL":null,"startupData":null,"hidden":false,"installTelemetryInfo":{"source":"amo","sourceURL":"https://addons.mozilla.org/en-US/firefox/search/?q=ublock","method":"amWebAPI"},"recommendationState":{"validNotAfter":1769621083000,"validNotBefore":1611833083000,"states":["recommended-android","recommended"]},"rootURI":"jar:file:///home/liveuser/.mozilla/firefox/xkg6dv0j.default-release/extensions/https-everywhere@eff.org.xpi!/","location":"app-profile"},{"id":"exif_viewer@mozilla.doslash.org","syncGUID":"{3722f576-05bd-4162-8eb5-fd8c70b11607}","version":"3.7.5","type":"extension","loader":null,"updateURL":null,"optionsURL":null,"optionsType":null,"optionsBrowserStyle":true,"aboutURL":null,"defaultLocale":{"name":"Exif Viewer","description":"Displays the EXIF and IPTC metadata stored in JPEG files.","creator":null,"developers":null,"translators":null,"contributors":null},"visible":true,"active":true,"userDisabled":false,"appDisabled":false,"embedderDisabled":false,"installDate":1614565475000,"updateDate":1614565475000,"applyBackgroundUpdates":1,"path":"/home/liveuser/.mozilla/firefox/xkg6dv0j.default-release/extensions/exif_viewer@mozilla.doslash.org.xpi","skinnable":false,"sourceURI":"https://addons.mozilla.org/firefox/downloads/file/993242/exif_viewer-3.7.5-an+fx.xpi","releaseNotesURI":null,"softDisabled":false,"foreignInstall":false,"strictCompatibility":true,"locales":[{"name":"Exif Viewer","description":"Displays the EXIF and IPTC metadata stored in JPEG files.","creator":null,"developers":null,"translators":null,"contributors":null,"locales":["en-CA"]},{"name":"Exif Viewer","description":"Displays the EXIF and IPTC metadata stored in JPEG files.","creator":null,"developers":null,"translators":null,"contributors":null,"locales":["ja"]},{"name":"Exif Viewer","description":"Displays the EXIF and IPTC metadata stored in JPEG files.","creator":null,"developers":null,"translators":null,"contributors":null,"locales":["fr"]},{"name":"Exif Viewer","description":"Displays the EXIF and IPTC metadata stored in JPEG files.","creator":null,"developers":null,"translators":null,"contributors":null,"locales":["cs"]},{"name":"Exif Viewer","description":"Displays the EXIF and IPTC metadata stored in JPEG files.","creator":null,"developers":null,"translators":null,"contributors":null,"locales":["ru-RU"]},{"name":"Exif Viewer","description":"Displays the EXIF and IPTC metadata stored in JPEG files.","creator":null,"developers":null,"translators":null,"contributors":null,"locales":["de"]},{"name":"Exif Viewer","description":"Displays the EXIF and IPTC metadata stored in JPEG files.","creator":null,"developers":null,"translators":null,"contributors":null,"locales":["zh-CN"]},{"name":"Exif Viewer","description":"Displays the EXIF and IPTC metadata stored in JPEG files.","creator":null,"developers":null,"translators":null,"contributors":null,"locales":["pt-BR"]},{"name":"Exif Viewer","description":"Displays the EXIF and IPTC metadata stored in JPEG files.","creator":null,"developers":null,"translators":null,"contributors":null,"locales":["zh-TW"]}],"targetApplications":[{"id":"toolkit@mozilla.org","minVersion":null,"maxVersion":null}],"targetPlatforms":[],"signedState":2,"seen":true,"dependencies":[],"incognito":"spanning","userPermissions":{"permissions":["activeTab","contextMenus","storage"],"origins":["<all_urls>"]},"optionalPermissions":{"permissions":[],"origins":[]},"icons":{"48":"exif.svg","96":"exif.svg"},"iconURL":null,"blocklistState":0,"blocklistURL":null,"startupData":null,"hidden":false,"installTelemetryInfo":{"source":"amo","sourceURL":"https://addons.mozilla.org/en-US/firefox/search/?q=ublock","method":"amWebAPI"},"recommendationState":null,"rootURI":"jar:file:///home/liveuser/.mozilla/firefox/xkg6dv0j.default-release/extensions/exif_viewer@mozilla.doslash.org.xpi!/","location":"app-profile"}]}