{"schema":6,"addons":[{"id":"{4a313247-8330-4a81-948e-b79936516f78}","icons":{"32":"https://addons.cdn.mozilla.net/user-media/addon_icons/93/93451-32.png?modified=1577476948","64":"https://addons.cdn.mozilla.net/user-media/addon_icons/93/93451-64.png?modified=1577476948","128":"https://addons.cdn.mozilla.net/user-media/addon_icons/93/93451-128.png?modified=1577476948"},"name":"Image Search Options","version":"3.0.12","sourceURI":"https://addons.mozilla.org/firefox/downloads/file/3059971/image_search_options-3.0.12-fx.xpi","homepageURL":"http://saucenao.com/","supportURL":null,"description":"A customizable reverse image search tool that conveniently presents a variety of top image search engines.","fullDescription":"Just right-click any image you find on the web to pull up a context menu with useful reverse image search engines. You can even add your own, and customize the list to meet your needs.","weeklyDownloads":685,"type":"extension","creator":{"name":"Xamayon","url":"https://addons.mozilla.org/en-US/firefox/user/3982285/"},"developers":[],"screenshots":[{"url":"https://addons.cdn.mozilla.net/user-media/previews/full/192/192309.png?modified=1543519370","width":483,"height":525,"thumbnailURL":"https://addons.cdn.mozilla.net/user-media/previews/thumbs/192/192309.png?modified=1543519370","thumbnailWidth":442,"thumbnailHeight":480,"caption":"Right click context menu options for images allow easy access to an arbitrary number of reverse image search engines and other similar sites. Icons for each of the context menu options can be enabled, disabled, or modified independently."},{"url":"https://addons.cdn.mozilla.net/user-media/previews/full/192/192308.png?modified=1543519371","width":662,"height":525,"thumbnailURL":"https://addons.cdn.mozilla.net/user-media/previews/thumbs/192/192308.png?modified=1543519371","thumbnailWidth":605,"thumbnailHeight":480,"caption":"Options can be re-ordered, hidden or deleted, and additional options can be added. Each option can be customized in many ways to function with various sites, and to suit the taste of the user."},{"url":"https://addons.cdn.mozilla.net/user-media/previews/full/56/56754.png?modified=1543519372","width":694,"height":525,"thumbnailURL":"https://addons.cdn.mozilla.net/user-media/previews/thumbs/56/56754.png?modified=1543519372","thumbnailWidth":635,"thumbnailHeight":480,"caption":"Basic customization help covering the different ways variables can be used."}],"contributionURL":"","averageRating":4.7022,"reviewCount":146,"reviewURL":"https://addons.mozilla.org/en-US/firefox/addon/image-search-options/reviews/","updateDate":1561723465000},{"id":"langpack-en-GB@firefox.mozilla.org","icons":{"32":"https://addons.cdn.mozilla.net/static/img/addon-icons/default-32.png","64":"https://addons.cdn.mozilla.net/static/img/addon-icons/default-64.png","128":"https://addons.cdn.mozilla.net/static/img/addon-icons/default-128.png"},"name":"English (GB) Language Pack","version":"86.0buildid20210131185630","sourceURI":"https://addons.mozilla.org/firefox/downloads/file/3718459/english_gb_language_pack-86.0buildid20210131185630-fx.xpi","homepageURL":null,"supportURL":null,"description":"English (GB) Language Pack","fullDescription":null,"weeklyDownloads":2346,"type":"locale","creator":{"name":"Mozilla Firefox","url":"https://addons.mozilla.org/en-US/firefox/user/4757633/"},"developers":[],"screenshots":[],"contributionURL":"","averageRating":3.5477,"reviewCount":257,"reviewURL":"https://addons.mozilla.org/en-US/firefox/addon/english-gb-language-pack/reviews/","updateDate":1612128046000},{"id":"langpack-en-CA@firefox.mozilla.org","icons":{"32":"https://addons.cdn.mozilla.net/static/img/addon-icons/default-32.png","64":"https://addons.cdn.mozilla.net/static/img/addon-icons/default-64.png","128":"https://addons.cdn.mozilla.net/static/img/addon-icons/default-128.png"},"name":"English (CA) Language Pack","version":"86.0buildid20210131185630","sourceURI":"https://addons.mozilla.org/firefox/downloads/file/3718460/english_ca_language_pack-86.0buildid20210131185630-fx.xpi","homepageURL":null,"supportURL":null,"description":"Language pack for Firefox for en-CA","fullDescription":null,"weeklyDownloads":171,"type":"locale","creator":{"name":"Mozilla Firefox","url":"https://addons.mozilla.org/en-US/firefox/user/4757633/"},"developers":[],"screenshots":[],"contributionURL":"","averageRating":4.5,"reviewCount":1,"reviewURL":"https://addons.mozilla.org/en-US/firefox/addon/english-ca-language-pack/reviews/","updateDate":1612128047000},{"id":"exif_viewer@mozilla.doslash.org","icons":{"32":"https://addons.cdn.mozilla.net/user-media/addon_icons/3/3905-32.png?modified=06451804","64":"https://addons.cdn.mozilla.net/user-media/addon_icons/3/3905-64.png?modified=06451804","128":"https://addons.cdn.mozilla.net/user-media/addon_icons/3/3905-128.png?modified=06451804"},"name":"Exif Viewer","version":"3.7.5","sourceURI":"https://addons.mozilla.org/firefox/downloads/file/993242/exif_viewer-3.7.5-an+fx.xpi","homepageURL":"http://araskin.webs.com/exif/exif.html","supportURL":"http://araskin.webs.com/exif/exif.html","description":"Displays the Exif and IPTC data in local and remote JPEG images.","fullDescription":"Extracts and displays the Exif (Exchangeable Image File), IPTC-NAA/IIM (International Press Telecommunications Council / Newspaper Association of America / Information Interchange Model), and IPTC Core (Adobe XMP, Extensible Metadata Platform) metadata, as stored by digital still cameras, in both local and remote JPEG images.","weeklyDownloads":324,"type":"extension","creator":{"name":"Alan Raskin","url":"https://addons.mozilla.org/en-US/firefox/user/72273/"},"developers":[],"screenshots":[{"url":"https://addons.cdn.mozilla.net/user-media/previews/full/192/192605.png?modified=1543518795","width":506,"height":525,"thumbnailURL":"https://addons.cdn.mozilla.net/user-media/previews/thumbs/192/192605.png?modified=1543518795","thumbnailWidth":463,"thumbnailHeight":480,"caption":"Typical EXIF display (partial) in tabular format"},{"url":"https://addons.cdn.mozilla.net/user-media/previews/full/193/193491.png?modified=1543518796","width":492,"height":525,"thumbnailURL":"https://addons.cdn.mozilla.net/user-media/previews/thumbs/193/193491.png?modified=1543518796","thumbnailWidth":450,"thumbnailHeight":480,"caption":"Typical RGB and HSL histograms"}],"contributionURL":"","averageRating":3.9219,"reviewCount":108,"reviewURL":"https://addons.mozilla.org/en-US/firefox/addon/exif-viewer/reviews/","updateDate":1529524506000},{"id":"{0c8fbd76-bdeb-4c52-9b24-d587ce7b9dc3}","icons":{"32":"https://addons.cdn.mozilla.net/user-media/addon_icons/2/2570-32.png?modified=mcrushed","64":"https://addons.cdn.mozilla.net/user-media/addon_icons/2/2570-64.png?modified=mcrushed","128":"https://addons.cdn.mozilla.net/user-media/addon_icons/2/2570-128.png?modified=mcrushed"},"name":"Resurrect Pages","version":"8","sourceURI":"https://addons.mozilla.org/firefox/downloads/file/3640440/resurrect_pages-8-an+fx.xpi","homepageURL":"https://github.com/arantius/resurrect-pages","supportURL":"http://trac.arantius.com/wiki/Extensions/Resurrect","description":"Dead pages, broken links, the scourge of the internet. Powerhouse sites like Slashdot and Digg can bring a server to its knees. What do we do when a page is dead but we still want to see it? Call in the clerics, and perform a resurrection...","fullDescription":"Dead pages, broken links, the scourge of the internet. Powerhouse sites like Slashdot and Digg can bring a server to its knees. What do we do when a page is dead but we still want to see it? Call in the clerics, and perform a resurrection ceremony! Or, the easier route, use this extension.\nFeatures\n\nSearches through five big page cache/mirrors:\no Google Cache\no The Internet Archive\no WebCite\no archive.is\n\nOf course, not every page can be in every cache. When a page is unavailable, you'll generally see that site's error page. Hit back and try another one!\n* Accessible:\no In the context (right-click) menu for the current page, and for all links.\no In the toolbar, just customize it to drag the button in.\no With the keyboard: press Ctrl-Shift-U\n\n\nPLEASE DO NOT POST PROBLEMS IN COMMENTS\n\nThe author will not see your complaints. To report a problem, request a feature, or otherwise communicate with the author, please file an issue:\n\nhttps://github.com/arantius/resurrect-pages/issues","weeklyDownloads":88,"type":"extension","creator":{"name":"Anthony Lieuallen","url":"https://addons.mozilla.org/en-US/firefox/user/833/"},"developers":[],"screenshots":[{"url":"https://addons.cdn.mozilla.net/user-media/previews/full/187/187231.png?modified=1543518838","width":381,"height":280,"thumbnailURL":"https://addons.cdn.mozilla.net/user-media/previews/thumbs/187/187231.png?modified=1543518838","thumbnailWidth":381,"thumbnailHeight":280,"caption":"Mirror selection context menu."}],"contributionURL":"","averageRating":4.5612,"reviewCount":78,"reviewURL":"https://addons.mozilla.org/en-US/firefox/addon/resurrect-pages/reviews/","updateDate":1599666315000},{"id":"uBlock0@raymondhill.net","icons":{"32":"https://addons.cdn.mozilla.net/user-media/addon_icons/607/607454-32.png?modified=mcrushed","64":"https://addons.cdn.mozilla.net/user-media/addon_icons/607/607454-64.png?modified=mcrushed","128":"https://addons.cdn.mozilla.net/user-media/addon_icons/607/607454-128.png?modified=mcrushed"},"name":"uBlock Origin","version":"1.33.0","sourceURI":"https://addons.mozilla.org/firefox/downloads/file/3717560/ublock_origin-1.33.0-an+fx.xpi","homepageURL":"https://github.com/gorhill/uBlock#ublock-origin","supportURL":"https://old.reddit.com/r/uBlockOrigin/","description":"Finally, an efficient wide-spectrum content blocker. Easy on CPU and memory.","fullDescription":"uBlock Origin is not an \"ad blocker\", it's a wide-spectrum content blocker with CPU and memory efficiency as a primary feature.\n\n***\n\nOut of the box, these lists of filters are loaded and enforced:\n\n- EasyList (ads)\n- Peter Lowe’s Ad server list (ads and tracking)\n- EasyPrivacy (tracking)\n- Malware domains\n\nMore lists are available for you to select if you wish:\n\n- Fanboy’s Enhanced Tracking List\n- Dan Pollock’s hosts file\n- MVPS HOSTS\n- Spam404\n- And many others\n\nAdditionally, you can point-and-click to block JavaScript locally or globally, create your own global or local rules to override entries from filter lists, and many more advanced features.\n\n***\n\nFree.\nOpen source with public license (GPLv3)\nFor users by users.\n\nIf ever you really do want to contribute something, think about the people working hard to maintain the filter lists you are using, which were made available to use by all for free.\n\n***\n\n    Documentation\n    Release notes\n    Community support @ Reddit\n    Contributors @ GitHub\n    Contributors @ Crowdin","weeklyDownloads":124198,"type":"extension","creator":{"name":"Raymond Hill","url":"https://addons.mozilla.org/en-US/firefox/user/11423598/"},"developers":[],"screenshots":[{"url":"https://addons.cdn.mozilla.net/user-media/previews/full/238/238546.png?modified=1590420038","width":1011,"height":758,"thumbnailURL":"https://addons.cdn.mozilla.net/user-media/previews/thumbs/238/238546.png?modified=1590420038","thumbnailWidth":640,"thumbnailHeight":480,"caption":"The popup panel: default mode"},{"url":"https://addons.cdn.mozilla.net/user-media/previews/full/238/238548.png?modified=1590420038","width":1011,"height":758,"thumbnailURL":"https://addons.cdn.mozilla.net/user-media/previews/thumbs/238/238548.png?modified=1590420038","thumbnailWidth":640,"thumbnailHeight":480,"caption":"The dashboard: stock filter lists"},{"url":"https://addons.cdn.mozilla.net/user-media/previews/full/238/238547.png?modified=1590420038","width":1011,"height":758,"thumbnailURL":"https://addons.cdn.mozilla.net/user-media/previews/thumbs/238/238547.png?modified=1590420038","thumbnailWidth":640,"thumbnailHeight":480,"caption":"The popup panel: default-deny mode"},{"url":"https://addons.cdn.mozilla.net/user-media/previews/full/238/238549.png?modified=1590420038","width":1011,"height":758,"thumbnailURL":"https://addons.cdn.mozilla.net/user-media/previews/thumbs/238/238549.png?modified=1590420038","thumbnailWidth":640,"thumbnailHeight":480,"caption":"The dashboard: settings"},{"url":"https://addons.cdn.mozilla.net/user-media/previews/full/238/238552.png?modified=1590420044","width":970,"height":1800,"thumbnailURL":"https://addons.cdn.mozilla.net/user-media/previews/thumbs/238/238552.png?modified=1590420044","thumbnailWidth":259,"thumbnailHeight":480,"caption":"The popup panel in Firefox Preview: default mode with more blocking options revealed"},{"url":"https://addons.cdn.mozilla.net/user-media/previews/full/230/230370.png?modified=1590420038","width":800,"height":600,"thumbnailURL":"https://addons.cdn.mozilla.net/user-media/previews/thumbs/230/230370.png?modified=1590420038","thumbnailWidth":640,"thumbnailHeight":480,"caption":"The unified logger tells you all that uBO is seeing and doing"}],"contributionURL":"","averageRating":4.7333,"reviewCount":4418,"reviewURL":"https://addons.mozilla.org/en-US/firefox/addon/ublock-origin/reviews/","updateDate":1612182549000},{"id":"{a6c4a591-f1b2-4f03-b3ff-767e5bedf4e7}","icons":{"32":"https://addons.cdn.mozilla.net/user-media/addon_icons/853/853731-32.png?modified=a1617cd0","64":"https://addons.cdn.mozilla.net/user-media/addon_icons/853/853731-64.png?modified=a1617cd0","128":"https://addons.cdn.mozilla.net/user-media/addon_icons/853/853731-128.png?modified=a1617cd0"},"name":"User-Agent Switcher and Manager","version":"0.4.6","sourceURI":"https://addons.mozilla.org/firefox/downloads/file/3700959/user_agent_switcher_and_manager-0.4.6-an+fx.xpi","homepageURL":"http://add0n.com/useragent-switcher.html","supportURL":"https://add0n.com/useragent-switcher.html","description":"Spoof websites trying to gather information about your web navigation—like your browser type and operating system—to deliver distinct content you may not want.","fullDescription":"Usage example: You can alter your user-agent string to indicate you’re on a mobile device if you prefer seeing mobile versions of sites so they load quicker.\n\n--\n\nThis extension allows you to spoof your browser \"user-agent\" string to a custom designation, making it impossible for websites to know specific details about your browsing arrangement.\n\nOverviews:\nhttps://www.youtube.com/watch?v=-aVFxvF3N_E\nhttps://www.youtube.com/watch?v=4M6_Zc4o1MQ\n\nNotes:\n1. You can easily set custom \"user-agent\" strings from the toolbar popup\n2. The extension uses a two-factor technique to mimic your default \"user-agent\" string, which is the most reliable method\n3. The extension does not use any resources when it is not spoofing the user-agent\n4. The extension enables user-agent spoofing on specific domains only; it is conversely possible to exclude certain domains from spoofing. Check the Options page for more info.\n5. You can set per-site user-agent strings\n6. There is an option to randomize user-agent strings.\n7. It is possible to set user-agent string for a single window; you can have a separate user-agent string for each browser window\n\nSupported operating systems:\nWindows, Mac OS, Linux, Chromium OS, Ubuntu, Debian, Android, iOS, AmigaOS, OpenBSD, BeOS, Haiku, Solaris, NetBSD, FreeBSD, Slackware, SUSE, gentoo, Fedora, Gentoo, Mageia, CentOS, Mint, DragonFly, Kubuntu, Mandriva, Zenwalk, Unix, GNU, OS/2, AIX, QNX, BEOS, RISC OS, Symbian, Nintendo, OpenSolaris, Kubuntu\n\nSupported browsers:\nInternet Explorer, Safari, Chrome, Firefox, Opera, Edge, WebKit, Avant, Maxthon, Arora, Mozilla, Epiphany, Camino, Chimera, Chromium, Dragon, conkeror, Conkeror, Dillo, Links, Firebird, Swiftfox, Netscape, Flock, iCab, Iceape, icecat, IceCat, IceWeasel, Iron, Meleon, Konqueror, Lunascape, Lynx, MAXTHON, midori, Midori, KHTML, Mosaic, NetSurf, OmniWeb, Tablet, Mini, Phoenix, RockMelt, Safari, Browser, SeaMonkey, Slim, Webkit, w3m\n\nFor more info and general bug reports please use:\nhttps://add0n.com/useragent-switcher.html\n\nFor technical bug reports please use:\nhttps://github.com/ray-lothian/UserAgent-Switcher/","weeklyDownloads":8470,"type":"extension","creator":{"name":"Ray","url":"https://addons.mozilla.org/en-US/firefox/user/13129494/"},"developers":[],"screenshots":[{"url":"https://addons.cdn.mozilla.net/user-media/previews/full/188/188200.png?modified=1543520893","width":700,"height":438,"thumbnailURL":"https://addons.cdn.mozilla.net/user-media/previews/thumbs/188/188200.png?modified=1543520893","thumbnailWidth":640,"thumbnailHeight":400},{"url":"https://addons.cdn.mozilla.net/user-media/previews/full/202/202435.png?modified=1543520897","width":440,"height":280,"thumbnailURL":"https://addons.cdn.mozilla.net/user-media/previews/thumbs/202/202435.png?modified=1543520897","thumbnailWidth":440,"thumbnailHeight":280}],"contributionURL":"https://www.paypal.me/addondonation/10usd?utm_content=product-page-contribute&utm_medium=referral&utm_source=addons.mozilla.org","averageRating":4.3049,"reviewCount":129,"reviewURL":"https://addons.mozilla.org/en-US/firefox/addon/user-agent-string-switcher/reviews/","updateDate":1609324694000}]}