{"version":2,"commands":{},"url_overrides":{},"prefs":{"websites.hyperlinkAuditingEnabled":{"initialValue":{},"precedenceList":[{"id":"uBlock0@raymondhill.net","installDate":1612211454404,"value":false,"enabled":true}]},"network.networkPredictionEnabled":{"initialValue":{},"precedenceList":[{"id":"uBlock0@raymondhill.net","installDate":1612211454404,"value":false,"enabled":true}]}},"default_search":{"engineAdded":{"precedenceList":[{"id":"ebay@search.mozilla.org","installDate":1612207155043,"value":"eBay","enabled":true}]}},"homepageNotification":{},"tabHideNotification":{},"newTabNotification":{}}