{"doh-rollout@mozilla.org":{"permissions":["internal:privateBrowsingAllowed"],"origins":[]},"formautofill@mozilla.org":{"permissions":["internal:privateBrowsingAllowed"],"origins":[]},"screenshots@mozilla.org":{"permissions":["internal:privateBrowsingAllowed"],"origins":[]},"webcompat@mozilla.org":{"permissions":["internal:privateBrowsingAllowed"],"origins":[]},"default-theme@mozilla.org":{"permissions":["internal:privateBrowsingAllowed"],"origins":[]},"google@search.mozilla.org":{"permissions":["internal:privateBrowsingAllowed"],"origins":[]},"amazondotcom@search.mozilla.org":{"permissions":["internal:privateBrowsingAllowed"],"origins":[]},"wikipedia@search.mozilla.org":{"permissions":["internal:privateBrowsingAllowed"],"origins":[]},"bing@search.mozilla.org":{"permissions":["internal:privateBrowsingAllowed"],"origins":[]},"ddg@search.mozilla.org":{"permissions":["internal:privateBrowsingAllowed"],"origins":[]},"ebay@search.mozilla.org":{"permissions":["internal:privateBrowsingAllowed"],"origins":[]},"exif_viewer@mozilla.doslash.org":{"permissions":["internal:privateBrowsingAllowed"],"origins":[]},"{4a313247-8330-4a81-948e-b79936516f78}":{"permissions":["internal:privateBrowsingAllowed"],"origins":[]},"{0c8fbd76-bdeb-4c52-9b24-d587ce7b9dc3}":{"permissions":["internal:privateBrowsingAllowed"],"origins":[]},"uBlock0@raymondhill.net":{"permissions":["internal:privateBrowsingAllowed"],"origins":[]},"{a6c4a591-f1b2-4f03-b3ff-767e5bedf4e7}":{"permissions":["internal:privateBrowsingAllowed"],"origins":[]}}